business_status,geometry,icon,icon_background_color,icon_mask_base_uri,name,permanently_closed,photos,place_id,plus_code,rating,reference,scope,types,user_ratings_total,vicinity,opening_hours,price_level
CLOSED_TEMPORARILY,"{'location': {'lat': 60.9864349, 'lng': -149.5040893}, 'viewport': {'northeast': {'lat': 60.9875046302915, 'lng': -149.5028319697086}, 'southwest': {'lat': 60.98480666970849, 'lng': -149.5055299302915}}}",https://maps.gstatic.com/mapfiles/place_api/icons/v1/png_71/restaurant-71.png,#FF9E67,https://maps.gstatic.com/mapfiles/place_api/icons/v2/restaurant_pinlet,Turnagain Arm Pit BBQ,True,"[{'height': 1125, 'html_attributions': ['<a href=""https://maps.google.com/maps/contrib/116774632983682195087"">Turnagain Arm Pit BBQ</a>'], 'photo_reference': 'AW30NDxewD3hadZuBjfSExuvDeLfkv7WFYncPi9Ru4Ti6MFM_GkHtPGlvCMQQG3kwFIymLznNo2JObts29nfBWiKLu4WhUU8KG5hbDH5pQY7q6CsH3zq3ahiBsQF8grqEA_PzL5JxIH7-lajsEktJsuxC3zbeA5cQ7I_2F9QG9mbYZV9nkAP', 'width': 2000}]",ChIJYc4WyOmGyFYRBOPz7ztm6nA,"{'compound_code': 'XFPW+H9 Indian, Anchorage, AK, USA', 'global_code': '93GGXFPW+H9'}",4.5,ChIJYc4WyOmGyFYRBOPz7ztm6nA,GOOGLE,"['restaurant', 'food', 'point_of_interest', 'establishment']",319.0,"27957 Seward Highway, Indian",,
CLOSED_TEMPORARILY,"{'location': {'lat': 60.9864349, 'lng': -149.5040893}, 'viewport': {'northeast': {'lat': 60.9875046302915, 'lng': -149.5028319697086}, 'southwest': {'lat': 60.98480666970849, 'lng': -149.5055299302915}}}",https://maps.gstatic.com/mapfiles/place_api/icons/v1/png_71/restaurant-71.png,#FF9E67,https://maps.gstatic.com/mapfiles/place_api/icons/v2/restaurant_pinlet,Turnagain Arm Pit BBQ,True,"[{'height': 1125, 'html_attributions': ['<a href=""https://maps.google.com/maps/contrib/116774632983682195087"">Turnagain Arm Pit BBQ</a>'], 'photo_reference': 'AW30NDxk5x9jDaTMP8fvbK5tBBxvL97xgMCaNY1cqQgZnW2d_7B7kjfDL0STVZsWf1Laxd1p_3JehV7GfvDtE4YpNYFa2Vikje52eajtX5q6eNgh2DUv7U56w6iR8VHmpF2cXVMUM0yG1GclByvSKeiFw-BE4DAOCUFHXyg8zV5BmkmibgNt', 'width': 2000}]",ChIJYc4WyOmGyFYRBOPz7ztm6nA,"{'compound_code': 'XFPW+H9 Indian, Anchorage, AK, USA', 'global_code': '93GGXFPW+H9'}",4.5,ChIJYc4WyOmGyFYRBOPz7ztm6nA,GOOGLE,"['restaurant', 'food', 'point_of_interest', 'establishment']",319.0,"27957 Seward Highway, Indian",,
OPERATIONAL,"{'location': {'lat': 61.3302717, 'lng': -149.569282}, 'viewport': {'northeast': {'lat': 61.33153053029151, 'lng': -149.5679131197085}, 'southwest': {'lat': 61.3288325697085, 'lng': -149.5706110802915}}}",https://maps.gstatic.com/mapfiles/place_api/icons/v1/png_71/restaurant-71.png,#FF9E67,https://maps.gstatic.com/mapfiles/place_api/icons/v2/restaurant_pinlet,Subway,,"[{'height': 3024, 'html_attributions': ['<a href=""https://maps.google.com/maps/contrib/103599638963296777928"">K A</a>'], 'photo_reference': 'AW30NDxFXSjM21s8fKHV0mbFGtz-judkRufNhyGSJQLDUvPetvL8RCkrQvdzSearmkJfGddtO1d3AQ5gs_kDslrW9D3pUfSQm9du9cExUNkRAO2mmlbofEJLLO-Ew0zcVFSgBqMBsjIlzmpHb52A959TRxAf1VDEuWMtQa00VzUG_HXPRfm7', 'width': 4032}]",ChIJw98zg3PryFYRxLnRcbAgJO4,"{'compound_code': '8CJJ+47 Eagle River, Anchorage, AK, USA', 'global_code': '93HG8CJJ+47'}",3.9,ChIJw98zg3PryFYRxLnRcbAgJO4,GOOGLE,"['meal_takeaway', 'restaurant', 'food', 'point_of_interest', 'establishment']",234.0,"12110 Business Boulevard, Eagle River",{'open_now': True},1.0
CLOSED_TEMPORARILY,"{'location': {'lat': 61.38767979999999, 'lng': -149.4820376}, 'viewport': {'northeast': {'lat': 61.3891866302915, 'lng': -149.4809069697085}, 'southwest': {'lat': 61.38648866970849, 'lng': -149.4836049302915}}}",https://maps.gstatic.com/mapfiles/place_api/icons/v1/png_71/cafe-71.png,#FF9E67,https://maps.gstatic.com/mapfiles/place_api/icons/v2/cafe_pinlet,Chugiak Cafe,True,"[{'height': 5376, 'html_attributions': ['<a href=""https://maps.google.com/maps/contrib/105342801928257839521"">Darrell Helton</a>'], 'photo_reference': 'AW30NDy82a5AkBEvVXEYLPLwng2B-tw7iMuudwe_Ct7V0YwapUe5wg0s1FE8pcm7JFYXwzcA7u_QKyw4WBB595QjzQQyhBAIdRfYi1CU3ilgyzmO3SuLxkX3oq7VICNlLQZgfUvbqMCzQj7Of-Az_EuazQtyexy3IpKC4xwjLmsFL90HHcbM', 'width': 3024}]",ChIJkx9ps0bpyFYREFsft0P5WQI,"{'compound_code': '9GQ9+35 Chugiak, Anchorage, AK, USA', 'global_code': '93HG9GQ9+35'}",4.8,ChIJkx9ps0bpyFYREFsft0P5WQI,GOOGLE,"['cafe', 'restaurant', 'food', 'point_of_interest', 'establishment']",193.0,"18575 Old Glenn Highway, Chugiak",,1.0
OPERATIONAL,"{'location': {'lat': 61.325421, 'lng': -149.570648}, 'viewport': {'northeast': {'lat': 61.32664263029151, 'lng': -149.5693023197085}, 'southwest': {'lat': 61.3239446697085, 'lng': -149.5720002802915}}}",https://maps.gstatic.com/mapfiles/place_api/icons/v1/png_71/cafe-71.png,#FF9E67,https://maps.gstatic.com/mapfiles/place_api/icons/v2/cafe_pinlet,Starbucks,,"[{'height': 3024, 'html_attributions': ['<a href=""https://maps.google.com/maps/contrib/107757577289648181041"">D Mo</a>'], 'photo_reference': 'AW30NDxD_MnQhQqTJJ0RvLxjAyUCFE6ca_vBgq4D0dVG12oELB7T8x628TaJnX5mg4iXOWxPX5v3NHGrq-62hJbnaQvs81ILcB7INX_-ImEJ2wYbsOEGn5IplPG3txx6WtImAl2aymQnMe-xAmS_SGk4Ze-3HF3j7I4vrnhndbdjxNWU5Cq9', 'width': 4032}]",ChIJ-VwCBXLryFYRJMu2H_jZIlo,"{'compound_code': '8CGH+5P Eagle River, Anchorage, AK, USA', 'global_code': '93HG8CGH+5P'}",4.2,ChIJ-VwCBXLryFYRJMu2H_jZIlo,GOOGLE,"['cafe', 'store', 'restaurant', 'food', 'point_of_interest', 'establishment']",223.0,"16707 Coronado Street, Eagle River",{'open_now': True},2.0
OPERATIONAL,"{'location': {'lat': 61.41397239999999, 'lng': -149.439637}, 'viewport': {'northeast': {'lat': 61.41522878029149, 'lng': -149.4380563697085}, 'southwest': {'lat': 61.41253081970848, 'lng': -149.4407543302915}}}",https://maps.gstatic.com/mapfiles/place_api/icons/v1/png_71/restaurant-71.png,#FF9E67,https://maps.gstatic.com/mapfiles/place_api/icons/v2/restaurant_pinlet,Fried Rice Express,,"[{'height': 3024, 'html_attributions': ['<a href=""https://maps.google.com/maps/contrib/118366365365337161102"">TC Brown</a>'], 'photo_reference': 'AW30NDyLsY070uABxKO0uLn0Q0dt85iYi7crjJFM3EXxoNUEIrE8yA-zlNkhGOpAKh43cx9ik-hwm2VxKV1g3YdQ2PpPjr8KNGPgo9n2CepY9wR8WpIC_sQvfZqNYGKcW5wB2s5kmpqGRpuHmSrqxquoueeukHGtl_n6S9pQIDrCcRwv7Zum', 'width': 4032}]",ChIJebsId9noyFYRBPlG1jiuGQ0,"{'compound_code': 'CH76+H4 Chugiak, Anchorage, AK, USA', 'global_code': '93HGCH76+H4'}",4.3,ChIJebsId9noyFYRBPlG1jiuGQ0,GOOGLE,"['restaurant', 'food', 'point_of_interest', 'establishment']",108.0,"21398, 21350 Old Glen Highway, Chugiak",{'open_now': False},2.0
OPERATIONAL,"{'location': {'lat': 61.30934509999999, 'lng': -149.5343043}, 'viewport': {'northeast': {'lat': 61.31081938029151, 'lng': -149.5330651697085}, 'southwest': {'lat': 61.30812141970849, 'lng': -149.5357631302915}}}",https://maps.gstatic.com/mapfiles/place_api/icons/v1/png_71/restaurant-71.png,#FF9E67,https://maps.gstatic.com/mapfiles/place_api/icons/v2/restaurant_pinlet,Papa Johns Pizza,,"[{'height': 2326, 'html_attributions': ['<a href=""https://maps.google.com/maps/contrib/101849554320368938370"">Dan A</a>'], 'photo_reference': 'AW30NDwolPqxUOtTZlr1MpupdhMu9m0Ode6kLcfhcWFnFkhyKhkJBOU1nKT6828GUCvyekMUOiuBCUMxVTLKoxiMldajoddCBs3IDViWrWY0WwJfifdexv0T0yCWE67PaJ807mIPds9AnfRXdXZ56FMY1RMpymS7KNxPPfU7MH4C0OVWjkyJ', 'width': 2523}]",ChIJw9O7Z5nsyFYRgVjmYmJFXWw,"{'compound_code': '8F58+P7 Eagle River, Anchorage, AK, USA', 'global_code': '93HG8F58+P7'}",4.0,ChIJw9O7Z5nsyFYRgVjmYmJFXWw,GOOGLE,"['restaurant', 'food', 'point_of_interest', 'establishment']",104.0,"18600 Eagle River Road, Eagle River",{'open_now': True},1.0
OPERATIONAL,"{'location': {'lat': 61.32271120000001, 'lng': -149.5693574}, 'viewport': {'northeast': {'lat': 61.32416238029152, 'lng': -149.5685202197085}, 'southwest': {'lat': 61.32146441970851, 'lng': -149.5712181802915}}}",https://maps.gstatic.com/mapfiles/place_api/icons/v1/png_71/restaurant-71.png,#FF9E67,https://maps.gstatic.com/mapfiles/place_api/icons/v2/restaurant_pinlet,Jimmy's Sushi Restaurant,,"[{'height': 3024, 'html_attributions': ['<a href=""https://maps.google.com/maps/contrib/118204649692062290354"">Lea Grossmann</a>'], 'photo_reference': 'AW30NDzLpQM4r3f0B7VR3EpqTYBs3imJVCO7p8l0q4RXRxWus2udlXcuyR8BgZ4D-JpMOAMrSYGNpGtM_wWMz61Hra7domgoptdZYqM5GrMlcjUXQBQDIEkGPwZ6Oshogti7RmlFZQ4LDwugKQ8sMnPeIbE3iowLgcfOYYFiROO14b3bH4jn', 'width': 4032}]",ChIJ9dyeEG7ryFYR8lTmROpkPvY,"{'compound_code': '8CFJ+37 Eagle River, Anchorage, AK, USA', 'global_code': '93HG8CFJ+37'}",4.5,ChIJ9dyeEG7ryFYR8lTmROpkPvY,GOOGLE,"['meal_takeaway', 'restaurant', 'food', 'point_of_interest', 'establishment']",498.0,"11401 Old Glenn Highway #103, Eagle River",{'open_now': True},2.0
OPERATIONAL,"{'location': {'lat': 61.32324870000001, 'lng': -149.5695745}, 'viewport': {'northeast': {'lat': 61.3245803802915, 'lng': -149.5687020197085}, 'southwest': {'lat': 61.32188241970849, 'lng': -149.5713999802915}}}",https://maps.gstatic.com/mapfiles/place_api/icons/v1/png_71/cafe-71.png,#FF9E67,https://maps.gstatic.com/mapfiles/place_api/icons/v2/cafe_pinlet,Jitters... Where Coffee Is An Art,,"[{'height': 2448, 'html_attributions': ['<a href=""https://maps.google.com/maps/contrib/101232542529024288161"">Jitters... Where Coffee Is An Art</a>'], 'photo_reference': 'AW30NDzZ-cMZuuMH28qDatqUFFZv40LJVEtYiURgexiXhMX1cENxbceLu0gpjr5mZB-cU2ZhTSFRagw8YsQaUi2EWOLD6qMPuFhyjFsRHXL45m_Wbi8_f_j7BjkXFFFpBE0hq0y76Egbm-H_eyponC6j_8O3sNTZXJbRmv1KmTglqzBdBMY4', 'width': 3264}]",ChIJv46TD27ryFYRcR6KX0i_pX0,"{'compound_code': '8CFJ+75 Eagle River, Anchorage, AK, USA', 'global_code': '93HG8CFJ+75'}",4.6,ChIJv46TD27ryFYRcR6KX0i_pX0,GOOGLE,"['cafe', 'bakery', 'store', 'restaurant', 'food', 'point_of_interest', 'establishment']",607.0,"11401 Old Glenn Highway #107, Eagle River",{'open_now': True},2.0
OPERATIONAL,"{'location': {'lat': 61.3334308, 'lng': -149.5654802}, 'viewport': {'northeast': {'lat': 61.33473113029151, 'lng': -149.5637499697085}, 'southwest': {'lat': 61.3320331697085, 'lng': -149.5664479302915}}}",https://maps.gstatic.com/mapfiles/place_api/icons/v1/png_71/restaurant-71.png,#FF9E67,https://maps.gstatic.com/mapfiles/place_api/icons/v2/restaurant_pinlet,Panda Express,,"[{'height': 3024, 'html_attributions': ['<a href=""https://maps.google.com/maps/contrib/101849554320368938370"">Dan A</a>'], 'photo_reference': 'AW30NDzCJ2LwREB-s_tk_s0_ZYdSIyd4mIQUgo9725W50UsobMc3X1zNjv28khSm7VUnzh_BovrUOt2t2yU7U85Zz3sLAQ0RuXcgUlzBujsGn2efvaiRo1f3peP7wu7zozCjmwcFXnlZXFhJV1HlW8D74hLb14fBhKs4Lb-Se23NdHCTuR_t', 'width': 4032}]",ChIJLclQC3XryFYRynXqNDsk6WM,"{'compound_code': '8CMM+9R Eagle River, Anchorage, AK, USA', 'global_code': '93HG8CMM+9R'}",3.6,ChIJLclQC3XryFYRynXqNDsk6WM,GOOGLE,"['restaurant', 'food', 'point_of_interest', 'establishment']",215.0,"12520 Old Glenn Highway, Eagle River",{'open_now': True},1.0
OPERATIONAL,"{'location': {'lat': 61.3328542, 'lng': -149.5673102}, 'viewport': {'northeast': {'lat': 61.33399988029149, 'lng': -149.5657805197085}, 'southwest': {'lat': 61.33130191970849, 'lng': -149.5684784802915}}}",https://maps.gstatic.com/mapfiles/place_api/icons/v1/png_71/restaurant-71.png,#FF9E67,https://maps.gstatic.com/mapfiles/place_api/icons/v2/restaurant_pinlet,Kim's Cuisine | Asian Fusion Bistro,,"[{'height': 4008, 'html_attributions': ['<a href=""https://maps.google.com/maps/contrib/116467496590946121321"">Kevin Vakalis</a>'], 'photo_reference': 'AW30NDzukxLHotMWBNsBB1ITOIQgSgLH78n2omJnrki9blQz6FiOnnQ1bffXVauIt_peahwQPKFqFfFK5mW6QzxaqIpD-Mnm-mpmGP8guF7vv2EhCtMSQhkgAF7togyHr2uQAXt7mezzSMbWrNOcVhaJDSXPBBGbsZrAncQLC9jTFb2dx-QY', 'width': 5344}]",ChIJ_y2t_HTryFYRlEZDLlZV02s,"{'compound_code': '8CMM+43 Eagle River, Anchorage, AK, USA', 'global_code': '93HG8CMM+43'}",4.0,ChIJ_y2t_HTryFYRlEZDLlZV02s,GOOGLE,"['restaurant', 'food', 'point_of_interest', 'establishment']",401.0,"12400 Old Glenn Highway #7589, Eagle River",{'open_now': True},2.0
OPERATIONAL,"{'location': {'lat': 61.40222779999999, 'lng': -149.4696194}, 'viewport': {'northeast': {'lat': 61.40378708029151, 'lng': -149.4678907197085}, 'southwest': {'lat': 61.4010891197085, 'lng': -149.4705886802915}}}",https://maps.gstatic.com/mapfiles/place_api/icons/v1/png_71/bar-71.png,#FF9E67,https://maps.gstatic.com/mapfiles/place_api/icons/v2/bar_pinlet,The Birchwood Saloon,,"[{'height': 3024, 'html_attributions': ['<a href=""https://maps.google.com/maps/contrib/102575990476453659705"">Hemigod</a>'], 'photo_reference': 'AW30NDyM9a_xpvFvXkXWoJZSrKH_DErhhdimAy4WvfHIjSvsc3fKKLaz5sed1YzbVq2wnaGmwVjsem8UpBpj3hl-xK-bPTNyfdzfIu_CyiZrWJLHZWlthEvWH89vy2XCFgwqfXezktcgHru-zQbDRdrUBKmTH5m4YcnSi40trcvfvojMuqma', 'width': 4032}]",ChIJJ_OTKz3pyFYRCdxXwR6qAOI,"{'compound_code': 'CG2J+V5 Chugiak, Anchorage, AK, USA', 'global_code': '93HGCG2J+V5'}",4.2,ChIJJ_OTKz3pyFYRCdxXwR6qAOI,GOOGLE,"['bar', 'restaurant', 'food', 'point_of_interest', 'establishment']",107.0,"20146 Pilots Road, Chugiak",{'open_now': True},1.0
OPERATIONAL,"{'location': {'lat': 61.31990990000001, 'lng': -149.5753025}, 'viewport': {'northeast': {'lat': 61.32118468029152, 'lng': -149.5739734197085}, 'southwest': {'lat': 61.3184867197085, 'lng': -149.5766713802915}}}",https://maps.gstatic.com/mapfiles/place_api/icons/v1/png_71/restaurant-71.png,#FF9E67,https://maps.gstatic.com/mapfiles/place_api/icons/v2/restaurant_pinlet,Pizza Man,,"[{'height': 3024, 'html_attributions': ['<a href=""https://maps.google.com/maps/contrib/115469551841208879318"">Michele Moya</a>'], 'photo_reference': 'AW30NDwv5GlDM2DxeV5DJCJEdDdlQ7_i4mfJFHY-DwayLoOCzYsWn1ioTom2swzvFVuwBPuHy1gXCJttDFWPUTplzASN4Fj_8alIoUhydKr26r-3fPUWB_jXwL-7ftAAXXATcla9yXFB0wbboMH_UqL0ay7Ak8EYh_PSM648x6BuU1kquEDx', 'width': 4032}]",ChIJD2Qlu27ryFYRjOhy5T-bXes,"{'compound_code': '8C9F+XV Eagle River, Anchorage, AK, USA', 'global_code': '93HG8C9F+XV'}",4.2,ChIJD2Qlu27ryFYRjOhy5T-bXes,GOOGLE,"['meal_delivery', 'restaurant', 'food', 'point_of_interest', 'establishment']",898.0,"16410 Brooks Loop #1, Eagle River",{'open_now': True},2.0
OPERATIONAL,"{'location': {'lat': 61.32791229999999, 'lng': -149.5725691}, 'viewport': {'northeast': {'lat': 61.3293395802915, 'lng': -149.5714084697085}, 'southwest': {'lat': 61.32664161970849, 'lng': -149.5741064302915}}}",https://maps.gstatic.com/mapfiles/place_api/icons/v1/png_71/restaurant-71.png,#FF9E67,https://maps.gstatic.com/mapfiles/place_api/icons/v2/restaurant_pinlet,Garcia's Cantina & Cafe,,"[{'height': 1490, 'html_attributions': ['<a href=""https://maps.google.com/maps/contrib/101849554320368938370"">Dan A</a>'], 'photo_reference': 'AW30NDxgqDpTHF2rU28Gg_xn877m9xcLz4oTDx0dk28QuftU-cHBOHJ7HNfLl-vvdPL6EvuPHTLWgfUzrS_TSG1-X1Q6-IXK9TKhB9Qwgxw0I8GGlgIEt3AkghhllY7HC5NPA5myFE4T4rp9pJ_FaQyVO3X47RVw7x6wokmsvc1hkV5yGpQ-', 'width': 1467}]",ChIJIz2OVHLryFYR9Zxzhhaa5XE,"{'compound_code': '8CHG+5X Eagle River, Anchorage, AK, USA', 'global_code': '93HG8CHG+5X'}",4.3,ChIJIz2OVHLryFYR9Zxzhhaa5XE,GOOGLE,"['restaurant', 'food', 'point_of_interest', 'establishment']",966.0,"11901 Business Boulevard #104, Eagle River",{'open_now': True},2.0
OPERATIONAL,"{'location': {'lat': 61.40888889999999, 'lng': -149.4486111}, 'viewport': {'northeast': {'lat': 61.41016888029151, 'lng': -149.4471682697085}, 'southwest': {'lat': 61.40747091970849, 'lng': -149.4498662302915}}}",https://maps.gstatic.com/mapfiles/place_api/icons/v1/png_71/restaurant-71.png,#FF9E67,https://maps.gstatic.com/mapfiles/place_api/icons/v2/restaurant_pinlet,Bella Vista Pizzeria,,"[{'height': 2937, 'html_attributions': ['<a href=""https://maps.google.com/maps/contrib/115528101754498591121"">Robin Dern</a>'], 'photo_reference': 'AW30NDwVVE2o1oMt8j_ipzVz9oZq99CpL09pNfBy5SISmroAXWVgB3ZdDFF_ayIX9O6dlmLfcsWjAhquXOkv8b5AI3nJrz-yg-HFv-HaK0Eua_3REwGO4s0s9i7hOIy-Hq-5TUPgHoBzjAdS1rx9Q9iJgwuLOCl3nXsgimi9xlfzynaxRKny', 'width': 4922}]",ChIJs_z1FCfpyFYRinL37pRR7w8,"{'compound_code': 'CH52+HH Chugiak, Anchorage, AK, USA', 'global_code': '93HGCH52+HH'}",4.4,ChIJs_z1FCfpyFYRinL37pRR7w8,GOOGLE,"['restaurant', 'food', 'point_of_interest', 'establishment']",319.0,"20908 Bill Stephens Drive, Chugiak",{'open_now': True},2.0
OPERATIONAL,"{'location': {'lat': 61.324948, 'lng': -149.569507}, 'viewport': {'northeast': {'lat': 61.32625703029152, 'lng': -149.5683696197085}, 'southwest': {'lat': 61.3235590697085, 'lng': -149.5710675802915}}}",https://maps.gstatic.com/mapfiles/place_api/icons/v1/png_71/restaurant-71.png,#FF9E67,https://maps.gstatic.com/mapfiles/place_api/icons/v2/restaurant_pinlet,Chepo's Mexican Restaurant - Eagle River,,"[{'height': 1998, 'html_attributions': ['<a href=""https://maps.google.com/maps/contrib/103599638963296777928"">K A</a>'], 'photo_reference': 'AW30NDyV3lG--uczEKwImh-jtydDntdW65ApX-u7y06UQOevCiJKhoTCSRuf3xygxfAUSzvCto5o7Mj3jPMypXdyV2o1kcQQF6ys4OKSs8ojHGnsaDLwUpyJdJXGM6F2yZqCkUwub07ZCxyOxDJvE3xPSryoZFzVnz_LOTOb6r7MT7kh1jfe', 'width': 2664}]",ChIJ_w9a-HHryFYRgJ9-C2f08cM,"{'compound_code': '8CFJ+X5 Eagle River, Anchorage, AK, USA', 'global_code': '93HG8CFJ+X5'}",4.3,ChIJ_w9a-HHryFYRgJ9-C2f08cM,GOOGLE,"['restaurant', 'food', 'point_of_interest', 'establishment']",437.0,"11535 Market Street, Eagle River",{'open_now': True},2.0
OPERATIONAL,"{'location': {'lat': 61.39745629999999, 'lng': -149.4648348}, 'viewport': {'northeast': {'lat': 61.39911873029151, 'lng': -149.4630570197085}, 'southwest': {'lat': 61.3964207697085, 'lng': -149.4657549802915}}}",https://maps.gstatic.com/mapfiles/place_api/icons/v1/png_71/generic_business-71.png,#7B9EB0,https://maps.gstatic.com/mapfiles/place_api/icons/v2/generic_pinlet,"Chugiak Senior Citizens, Inc. DBA Chugiak-Eagle River Senior Center",,"[{'height': 2441, 'html_attributions': ['<a href=""https://maps.google.com/maps/contrib/115528101754498591121"">Robin Dern</a>'], 'photo_reference': 'AW30NDynkZVwaldGxYkI1qvU4WvxQk-EeqLoofeK_5EeVHzyeFYQYiHYgc9GYXDBBQ2AQSjv_5DfdjYoFlwLCBV8r8yb7hZx7mlQgNn1dvhg0K7g_P9x5cVYRgaNczNeTFu8QeoLKf7ps7W0GRTh30eBe2n06zlwHvjxbjik7Um-BNRmPD7B', 'width': 5324}]",ChIJ2WpgeDvpyFYRXxSZWkb-ifg,"{'compound_code': '9GWP+X3 Chugiak, Anchorage, AK, USA', 'global_code': '93HG9GWP+X3'}",4.0,ChIJ2WpgeDvpyFYRXxSZWkb-ifg,GOOGLE,"['car_rental', 'meal_delivery', 'health', 'restaurant', 'food', 'point_of_interest', 'establishment']",14.0,"22424 Birchwood Loop Road, Chugiak",{'open_now': True},
OPERATIONAL,"{'location': {'lat': 61.4084632, 'lng': -149.4396844}, 'viewport': {'northeast': {'lat': 61.41005268029151, 'lng': -149.4386858197085}, 'southwest': {'lat': 61.4073547197085, 'lng': -149.4413837802915}}}",https://maps.gstatic.com/mapfiles/place_api/icons/v1/png_71/shopping-71.png,#4B96F3,https://maps.gstatic.com/mapfiles/place_api/icons/v2/shopping_pinlet,Luci Mae's LLC,,"[{'height': 3582, 'html_attributions': ['<a href=""https://maps.google.com/maps/contrib/115528101754498591121"">Robin Dern</a>'], 'photo_reference': 'AW30NDxLp4-uKTvnvrxu2lvVmBxRp1FkOxz4lQWzpu6qyIaKDvXYgcItZDePu3jLPydi9_l1NLqDFsMteKg2XbmrCxgIkqIH4vbdc7AvcF6UiT3bgfzpCHJqdXtmnyYwyX_RV-FifWhyGvYmdMsgezD6RggjT9LKTAiJnYinFMDjBXhCh1wJ', 'width': 7370}]",ChIJtas47KrpyFYRjK5FslSRQcs,"{'compound_code': 'CH56+94 Chugiak, Anchorage, AK, USA', 'global_code': '93HGCH56+94'}",4.8,ChIJtas47KrpyFYRjK5FslSRQcs,GOOGLE,"['cafe', 'bakery', 'store', 'restaurant', 'food', 'point_of_interest', 'establishment']",42.0,"20905 Eastside Drive #2, Chugiak",{'open_now': True},
OPERATIONAL,"{'location': {'lat': 61.33222219999999, 'lng': -149.565}, 'viewport': {'northeast': {'lat': 61.33364433029151, 'lng': -149.5637715197085}, 'southwest': {'lat': 61.33094636970849, 'lng': -149.5664694802915}}}",https://maps.gstatic.com/mapfiles/place_api/icons/v1/png_71/restaurant-71.png,#FF9E67,https://maps.gstatic.com/mapfiles/place_api/icons/v2/restaurant_pinlet,Pete's Barbecue,,"[{'height': 1908, 'html_attributions': ['<a href=""https://maps.google.com/maps/contrib/111123028497872427567"">M.L. Saunders</a>'], 'photo_reference': 'AW30NDyouhTw1kBD46RoM6UlFB-DbCtGE-EK9UVUKEM0VdGBvJIelp6oIuAp7FnGDVru91EUr4K1JxlfRCTDGliCxI6WukYktXueYMzIfT4RnipGkb2Jl_CMV6UEDBr1DbEWnOEBv-UjFxuzJfjOwWkjNZN724J7WR241DxLpR_dmoqhTUth', 'width': 4032}]",ChIJT51vNXTryFYRZObY_Tv6LlQ,"{'compound_code': '8CJP+V2 Eagle River, Anchorage, AK, USA', 'global_code': '93HG8CJP+V2'}",4.0,ChIJT51vNXTryFYRZObY_Tv6LlQ,GOOGLE,"['meal_delivery', 'restaurant', 'food', 'point_of_interest', 'establishment']",117.0,"12349 Old Glenn Highway, Eagle River",{'open_now': True},
OPERATIONAL,"{'location': {'lat': 61.3266612, 'lng': -149.5714685}, 'viewport': {'northeast': {'lat': 61.3280988802915, 'lng': -149.5697812197085}, 'southwest': {'lat': 61.32540091970849, 'lng': -149.5724791802915}}}",https://maps.gstatic.com/mapfiles/place_api/icons/v1/png_71/generic_business-71.png,#7B9EB0,https://maps.gstatic.com/mapfiles/place_api/icons/v2/generic_pinlet,Pizza Hut,,"[{'height': 683, 'html_attributions': ['<a href=""https://maps.google.com/maps/contrib/114449592942531631750"">Pizza Hut</a>'], 'photo_reference': 'AW30NDwA39oQqjc2oTGxXnoD2vPC3UAyuNEh1CvR1jj6slaXes1dh9uUSglIApTcdGUAXFetmEtuZPPsQEjUXdHQ8wAkk6xefVUf_bDXeU2EjDebRvv6yOyvdV713GnnRgfNMUB7nYzszsZU0a106pFj5i5-GJV-_ndToepFaO3yL7MWdc8_', 'width': 1025}]",ChIJ9aDJRnLryFYRcvvs6P4kw_M,"{'compound_code': '8CGH+MC Eagle River, Anchorage, AK, USA', 'global_code': '93HG8CGH+MC'}",3.4,ChIJ9aDJRnLryFYRcvvs6P4kw_M,GOOGLE,"['meal_takeaway', 'meal_delivery', 'restaurant', 'food', 'point_of_interest', 'establishment']",187.0,"11740 Old Glenn Highway, Eagle River",{'open_now': True},1.0
OPERATIONAL,"{'location': {'lat': 61.3230921, 'lng': -149.5726778}, 'viewport': {'northeast': {'lat': 61.32453588029151, 'lng': -149.5713582197085}, 'southwest': {'lat': 61.32183791970849, 'lng': -149.5740561802914}}}",https://maps.gstatic.com/mapfiles/place_api/icons/v1/png_71/restaurant-71.png,#FF9E67,https://maps.gstatic.com/mapfiles/place_api/icons/v2/restaurant_pinlet,Great Alaska Pizza Co,,"[{'height': 3024, 'html_attributions': ['<a href=""https://maps.google.com/maps/contrib/101849554320368938370"">Dan A</a>'], 'photo_reference': 'AW30NDwyCTfMrKLeOI3gvPB16VdLvCPPbxgO77Dnh7LjY1RE6wCqDsOPArOAnJi_jlkgqrf8_2qxht98ygAPvstQVAs1gAFWCQRDWy-JGeGE63Y3okpIC7kJhv7AxUxobAsBLjA6h8aqer-EgFO_GRHgmL_mQGNLZrYmLgGAjI5d7I4XBNKa', 'width': 4032}]",ChIJa2Go4W3ryFYRpl1YYeGwrqM,"{'compound_code': '8CFG+6W Eagle River, Anchorage, AK, USA', 'global_code': '93HG8CFG+6W'}",4.2,ChIJa2Go4W3ryFYRpl1YYeGwrqM,GOOGLE,"['meal_delivery', 'restaurant', 'food', 'point_of_interest', 'establishment']",128.0,"11432 Business Boulevard, Eagle River",{'open_now': True},1.0
OPERATIONAL,"{'location': {'lat': 61.3269949, 'lng': -149.5715296}, 'viewport': {'northeast': {'lat': 61.32832908029151, 'lng': -149.5701827197085}, 'southwest': {'lat': 61.3256311197085, 'lng': -149.5728806802915}}}",https://maps.gstatic.com/mapfiles/place_api/icons/v1/png_71/restaurant-71.png,#FF9E67,https://maps.gstatic.com/mapfiles/place_api/icons/v2/restaurant_pinlet,McDonald's,,"[{'height': 2307, 'html_attributions': ['<a href=""https://maps.google.com/maps/contrib/101849554320368938370"">Dan A</a>'], 'photo_reference': 'AW30NDxnRpyaOuePDCs33_v7o4QzkFPqX-TzKUfoyGtHj4VblDa8YnAxzl8jLUnBteZU4H2oskg-67kArGjGLPd7Lc1ExZXBngFAE9kSE4GnpMP-zAh-QltOSzHt6O5zLP4wuSp9agxgdtxmCvgR7QBNjw-ZWviZuX4YYk25bvV9FTQpLj9u', 'width': 3313}]",ChIJp6I5SnLryFYR7kAHMpEa5bE,"{'compound_code': '8CGH+Q9 Eagle River, Anchorage, AK, USA', 'global_code': '93HG8CGH+Q9'}",3.6,ChIJp6I5SnLryFYR7kAHMpEa5bE,GOOGLE,"['cafe', 'store', 'restaurant', 'food', 'point_of_interest', 'establishment']",648.0,"11808 Old Glenn Highway, Eagle River",{'open_now': True},1.0
OPERATIONAL,"{'location': {'lat': 61.33006659999999, 'lng': -149.5741729}, 'viewport': {'northeast': {'lat': 61.3316024302915, 'lng': -149.5725925197085}, 'southwest': {'lat': 61.3289044697085, 'lng': -149.5752904802915}}}",https://maps.gstatic.com/mapfiles/place_api/icons/v1/png_71/bar-71.png,#FF9E67,https://maps.gstatic.com/mapfiles/place_api/icons/v2/bar_pinlet,Homestead Lounge,,"[{'height': 1440, 'html_attributions': ['<a href=""https://maps.google.com/maps/contrib/104738466932263017338"">Brian O</a>'], 'photo_reference': 'AW30NDwKLK42ZpDNKdQ0C4epWfqmogHY5BMdT_6UefnENSd3w5cwD4CsTxomqmipuReAJmNS1yihJS8bZDKvDTetOL_wXG7K-2ixijmx65JOFVUdaB_2ez60FM9bD_3hK_Z1qjuP9ywKvfjGeDMo7QePg3IUu7MSjtFLs_vvkhejCPWELUM0', 'width': 2560}]",ChIJra1MP3PryFYRUIFcLZlJkwE,"{'compound_code': '8CJG+28 Eagle River, Anchorage, AK, USA', 'global_code': '93HG8CJG+28'}",4.1,ChIJra1MP3PryFYRUIFcLZlJkwE,GOOGLE,"['bar', 'night_club', 'restaurant', 'point_of_interest', 'food', 'establishment']",180.0,"12130 Regency Drive, Eagle River",{'open_now': True},1.0
OPERATIONAL,"{'location': {'lat': 61.40884519999999, 'lng': -149.4492831}, 'viewport': {'northeast': {'lat': 61.41187055, 'lng': -149.44079775}, 'southwest': {'lat': 61.40783675, 'lng': -149.45211155}}}",https://maps.gstatic.com/mapfiles/place_api/icons/v1/png_71/restaurant-71.png,#FF9E67,https://maps.gstatic.com/mapfiles/place_api/icons/v2/restaurant_pinlet,Bobby's Cafe,,"[{'height': 3024, 'html_attributions': ['<a href=""https://maps.google.com/maps/contrib/117207173055266790423"">Gabriel Naylor</a>'], 'photo_reference': 'AW30NDwn9EgvpJCV1_2Yiz2XYqpRlD0tYkcZIxx6TVF7VrZ1nuVbL3dMR_OtDrVRL0qj1kXYW5amvyBgBM25FPJapape5qXT-x0_1q9IF3PlGwAL1cXht40cQUdqZlC_VGqFRHzMaTKdiubfbf81JaX3VURdTJQ1DhncnHJ5dla9tShc8QvO', 'width': 4032}]",ChIJy2ZwvH_pyFYR0c1R4n3IraM,"{'compound_code': 'CH52+G7 Chugiak, Anchorage, AK, USA', 'global_code': '93HGCH52+G7'}",4.3,ChIJy2ZwvH_pyFYR0c1R4n3IraM,GOOGLE,"['cafe', 'restaurant', 'point_of_interest', 'food', 'establishment']",131.0,"20900 Bill Stephens Drive, Chugiak",{'open_now': False},
OPERATIONAL,"{'location': {'lat': 61.3406964, 'lng': -149.5560072}, 'viewport': {'northeast': {'lat': 61.3421561302915, 'lng': -149.5549303697085}, 'southwest': {'lat': 61.33945816970849, 'lng': -149.5576283302915}}}",https://maps.gstatic.com/mapfiles/place_api/icons/v1/png_71/restaurant-71.png,#FF9E67,https://maps.gstatic.com/mapfiles/place_api/icons/v2/restaurant_pinlet,Papa Murphy's | Take 'N' Bake Pizza,,"[{'height': 2650, 'html_attributions': ['<a href=""https://maps.google.com/maps/contrib/114931798948586946594"">T S B</a>'], 'photo_reference': 'AW30NDzw-haNjsIwR4j23p_hb90NoobcgSBW7w1OJC9Ty9abrq-ASin9YQoe3VXwy-jak6bOLX1E0NRo6QI-u7fXqxqmUESIUlgzAvrv5QjJZAuafb8ReGrOJMDvJToChw1UekHue629IkE4-goMEDIPRBtd9kDnSxbcqBOn3YMR9YugNasr', 'width': 3532}]",ChIJG9EPo5jryFYRDZR6OGSDyW8,"{'compound_code': '8CRV+7H Eagle River, Anchorage, AK, USA', 'global_code': '93HG8CRV+7H'}",3.9,ChIJG9EPo5jryFYRDZR6OGSDyW8,GOOGLE,"['meal_takeaway', 'restaurant', 'point_of_interest', 'food', 'establishment']",57.0,"13331 Old Glenn Highway, Eagle River",{'open_now': True},1.0
OPERATIONAL,"{'location': {'lat': 61.3272552, 'lng': -149.5687713}, 'viewport': {'northeast': {'lat': 61.3284443302915, 'lng': -149.5679671197085}, 'southwest': {'lat': 61.32574636970849, 'lng': -149.5706650802915}}}",https://maps.gstatic.com/mapfiles/place_api/icons/v1/png_71/restaurant-71.png,#FF9E67,https://maps.gstatic.com/mapfiles/place_api/icons/v2/restaurant_pinlet,Jalapenos Mexican Restaurant & Cantina,,"[{'height': 480, 'html_attributions': ['<a href=""https://maps.google.com/maps/contrib/111976507031895259541"">Jalapenos Mexican Restaurant &amp; Cantina</a>'], 'photo_reference': 'AW30NDzy53A3Q1fYyd3yhpEfdpv4kDze1w5zo78zJMx1CRtGpH5oL0LCVK3ZdzuINBPsqEFMRYRQQz3gn_kph3R4PEIeIQ3XOqleLtrma2jxIT4X6eFQ_8FSE03snFmgtWLtjbPEhY8206W5iseWPTninapsgXzyyUZx8miLpOjn-mKTdpyd', 'width': 720}]",ChIJq7DBzHPryFYRf6qgEHhw82g,"{'compound_code': '8CGJ+WF Eagle River, Anchorage, AK, USA', 'global_code': '93HG8CGJ+WF'}",4.2,ChIJq7DBzHPryFYRf6qgEHhw82g,GOOGLE,"['restaurant', 'point_of_interest', 'food', 'establishment']",441.0,"11823 Old Glenn Highway, Eagle River",{'open_now': True},2.0
OPERATIONAL,"{'location': {'lat': 61.3363041, 'lng': -149.5649362}, 'viewport': {'northeast': {'lat': 61.33772948029151, 'lng': -149.5634609197085}, 'southwest': {'lat': 61.33503151970849, 'lng': -149.5661588802915}}}",https://maps.gstatic.com/mapfiles/place_api/icons/v1/png_71/restaurant-71.png,#FF9E67,https://maps.gstatic.com/mapfiles/place_api/icons/v2/restaurant_pinlet,Phở & Thai Cuisine,,"[{'height': 3024, 'html_attributions': ['<a href=""https://maps.google.com/maps/contrib/103599638963296777928"">K A</a>'], 'photo_reference': 'AW30NDxkB97cZeq2qa9gelc2y8k_QCknV114Ygmq8K02BEFr9BbQ8IXF3ztuEN3sLFcT46LOU8V5Gxos4h6v27T8DO-i8f05GAM1_ImhCRX87CdDcwgSyDbvVMVZb-zplxzdOORedWHmykRdnrDWm8KytXuYXpAMM7G_uvSLGB9tUL-pRjN-', 'width': 4032}]",ChIJO3kcYHXryFYRHj8sq_3fi_M,"{'compound_code': '8CPP+G2 Eagle River, Anchorage, AK, USA', 'global_code': '93HG8CPP+G2'}",4.3,ChIJO3kcYHXryFYRHj8sq_3fi_M,GOOGLE,"['restaurant', 'point_of_interest', 'food', 'establishment']",194.0,"12812 Old Glenn Highway, Eagle River",{'open_now': True},
OPERATIONAL,"{'location': {'lat': 61.3315508, 'lng': -149.5652648}, 'viewport': {'northeast': {'lat': 61.33284688029149, 'lng': -149.5636600697085}, 'southwest': {'lat': 61.33014891970848, 'lng': -149.5663580302915}}}",https://maps.gstatic.com/mapfiles/place_api/icons/v1/png_71/restaurant-71.png,#FF9E67,https://maps.gstatic.com/mapfiles/place_api/icons/v2/restaurant_pinlet,Carl's Jr.,,"[{'height': 694, 'html_attributions': ['<a href=""https://maps.google.com/maps/contrib/118198418380519278556"">Carl&#39;s Jr.</a>'], 'photo_reference': 'AW30NDz1RHmD6aNeEJ33-PXmBDf_FK0g1SRt1IE11tkK0TFXoKgDzYd8c4pc3dTKfeyw4lv5lK2iAi_gchVLdD5x7vd8rzGRepfMgks2l_77S_3Rs_C3mc-PsezqQdmHj94hosw3bnGd7EM40uGZ4XcF2S0gz26bxqEMYbQ6btPioYJz6_6j', 'width': 1234}]",ChIJh6EQRHTryFYRKvNR_YGE4Os,"{'compound_code': '8CJM+JV Eagle River, Anchorage, AK, USA', 'global_code': '93HG8CJM+JV'}",3.4,ChIJh6EQRHTryFYRKvNR_YGE4Os,GOOGLE,"['restaurant', 'point_of_interest', 'food', 'establishment']",656.0,"12319 Old Glenn Highway, Eagle River",{'open_now': True},1.0
OPERATIONAL,"{'location': {'lat': 61.3341264, 'lng': -149.5635497}, 'viewport': {'northeast': {'lat': 61.3354596802915, 'lng': -149.5623909197085}, 'southwest': {'lat': 61.33276171970849, 'lng': -149.5650888802915}}}",https://maps.gstatic.com/mapfiles/place_api/icons/v1/png_71/bar-71.png,#FF9E67,https://maps.gstatic.com/mapfiles/place_api/icons/v2/bar_pinlet,Corks and Hops,,"[{'height': 4032, 'html_attributions': ['<a href=""https://maps.google.com/maps/contrib/100119646046373723187"">Collin</a>'], 'photo_reference': 'AW30NDy4k71otcVJ586BUkh6YPRr748J1sBJslwniCfx9rN-bKg_HemC3UGKiXgbtbnJna-2AJhEVL3G2Y_J8LKi884leKcVLU4sF6Odlu0uLJn_3i-MRIVG_si_IHb87j8SSTu5fDJVvTfzGf3eAEjktLbu2qVTwHuZsum0QMIPR0oR6yJ3', 'width': 3024}]",ChIJY2uO51XtyFYR_ZpbLsnUVhk,"{'compound_code': '8CMP+MH Eagle River, Anchorage, AK, USA', 'global_code': '93HG8CMP+MH'}",4.6,ChIJY2uO51XtyFYR_ZpbLsnUVhk,GOOGLE,"['bar', 'restaurant', 'point_of_interest', 'food', 'establishment']",69.0,"12551 Old Glenn Highway Unit A, Eagle River",{'open_now': False},2.0
OPERATIONAL,"{'location': {'lat': 61.3364759, 'lng': -149.5617366}, 'viewport': {'northeast': {'lat': 61.33758533029152, 'lng': -149.5604303197085}, 'southwest': {'lat': 61.3348873697085, 'lng': -149.5631282802915}}}",https://maps.gstatic.com/mapfiles/place_api/icons/v1/png_71/restaurant-71.png,#FF9E67,https://maps.gstatic.com/mapfiles/place_api/icons/v2/restaurant_pinlet,Pomodoro’s Greek & Italian Restaurant,,"[{'height': 480, 'html_attributions': ['<a href=""https://maps.google.com/maps/contrib/101220420102601479554"">Pomodoro’s Greek &amp; Italian Restaurant</a>'], 'photo_reference': 'AW30NDz1x1pPQy0Gxs1m35Y6d7RLTP1r1c9UU3roXaOSORQcIvAyJSjbla-yTILEIwoCygMGEIPpEvi1cZzSHXefv8Lcd4G1aR91XZb_QuSeMAuvhMvdwZDu5Nq_-tljU0C45Rw_oo9ElfD4JrD1PVxJYuP0Kw94PEXXJOq5Mm9CKudfo-3V', 'width': 640}]",ChIJNZta4STryFYR3MZWLgvLot8,"{'compound_code': '8CPQ+H8 Eagle River, Anchorage, AK, USA', 'global_code': '93HG8CPQ+H8'}",4.3,ChIJNZta4STryFYR3MZWLgvLot8,GOOGLE,"['restaurant', 'point_of_interest', 'food', 'establishment']",133.0,"12801 Old Glenn Highway, Eagle River",{'open_now': True},
OPERATIONAL,"{'location': {'lat': 61.32836409999999, 'lng': -149.5682486}, 'viewport': {'northeast': {'lat': 61.3297627302915, 'lng': -149.5670925197085}, 'southwest': {'lat': 61.32706476970849, 'lng': -149.5697904802915}}}",https://maps.gstatic.com/mapfiles/place_api/icons/v1/png_71/restaurant-71.png,#FF9E67,https://maps.gstatic.com/mapfiles/place_api/icons/v2/restaurant_pinlet,Lexie's Cafe and Coffee,,"[{'height': 541, 'html_attributions': ['<a href=""https://maps.google.com/maps/contrib/109521328418849048141"">Lexie&#39;s Cafe and Coffee</a>'], 'photo_reference': 'AW30NDxCWdcjUz4CZUoqntyXq6SIY0YPeAokrpiLN0ZNiNZODeRA1YzBJYxP9UuqT_2I40nnp-WGSevY2tL7c4VoAwysTHRQXw2dpMO4c9yB1tKpuEXF0cCezHC9Vk5yjplRVtUIa5QAMvbytOHQsQFEcT3zSky7RPxEDpsn6wUsVdn4K_Vc', 'width': 960}]",ChIJrZSvtPvryFYRM3U3DB5yzX4,"{'compound_code': '8CHJ+8P Eagle River, Anchorage, AK, USA', 'global_code': '93HG8CHJ+8P'}",4.9,ChIJrZSvtPvryFYRM3U3DB5yzX4,GOOGLE,"['restaurant', 'point_of_interest', 'food', 'establishment']",154.0,"11925 Old Glenn Highway, Eagle River",{'open_now': False},
OPERATIONAL,"{'location': {'lat': 61.32795, 'lng': -149.5686175}, 'viewport': {'northeast': {'lat': 61.3294281302915, 'lng': -149.5673084197085}, 'southwest': {'lat': 61.32673016970849, 'lng': -149.5700063802915}}}",https://maps.gstatic.com/mapfiles/place_api/icons/v1/png_71/restaurant-71.png,#FF9E67,https://maps.gstatic.com/mapfiles/place_api/icons/v2/restaurant_pinlet,Matanuska Brewing Eagle River,,"[{'height': 9000, 'html_attributions': ['<a href=""https://maps.google.com/maps/contrib/100716448730490557646"">LeeAnna Bohnert</a>'], 'photo_reference': 'AW30NDxZ-hQUdzmB00tkX_1IzxDc3cidxMNuo6uykVg-K6E7P8z9KaSm88z2fOHLuTwnvBRwLQI5JIolFAWU40csW5fv8bQZfWojP6xb_E0LGEASluIqqngP2yfL79G4vcFuONS4ddwSKh4h_CzyVZprtEbdJZZIAZZ8HditTbijn9hnnoF6', 'width': 12000}]",ChIJ_SagyHPryFYRvMoGh0kFEnU,"{'compound_code': '8CHJ+5H Eagle River, Anchorage, AK, USA', 'global_code': '93HG8CHJ+5H'}",4.0,ChIJ_SagyHPryFYRvMoGh0kFEnU,GOOGLE,"['restaurant', 'bar', 'point_of_interest', 'food', 'establishment']",548.0,"11901 Old Glenn Highway, Eagle River",{'open_now': True},2.0
OPERATIONAL,"{'location': {'lat': 61.3240707, 'lng': -149.5717307}, 'viewport': {'northeast': {'lat': 61.32517693029151, 'lng': -149.5703728697085}, 'southwest': {'lat': 61.32247896970849, 'lng': -149.5730708302915}}}",https://maps.gstatic.com/mapfiles/place_api/icons/v1/png_71/restaurant-71.png,#FF9E67,https://maps.gstatic.com/mapfiles/place_api/icons/v2/restaurant_pinlet,Kentucky Fried Chicken,,"[{'height': 3072, 'html_attributions': ['<a href=""https://maps.google.com/maps/contrib/113730343399173268626"">Sarah North</a>'], 'photo_reference': 'AW30NDz4qLzdUKneBEvu_142DRPfPGG4H5djGiLaxMq2I6mpp7NGQS5lgEBAAcanyKu4qmfMdgKBQ2nxjbeDW1LtRdw8XZVSrPWhXPvV0nlTwkUDEtOPVBlS-Tz6glbHeGBB00fLyau16SyzZYWp8CIbd5tBgSIo8ngKAnafzwjAkgJnOHKd', 'width': 4080}]",ChIJu1zfzpbryFYR3PViqgzD3Q8,"{'compound_code': '8CFH+J8 Eagle River, Anchorage, AK, USA', 'global_code': '93HG8CFH+J8'}",,ChIJu1zfzpbryFYR3PViqgzD3Q8,GOOGLE,"['restaurant', 'point_of_interest', 'food', 'establishment']",,"11409 Business Boulevard, Eagle River",,
OPERATIONAL,"{'location': {'lat': 61.3262965, 'lng': -149.5717118}, 'viewport': {'northeast': {'lat': 61.32772293029151, 'lng': -149.5699636697085}, 'southwest': {'lat': 61.3250249697085, 'lng': -149.5726616302915}}}",https://maps.gstatic.com/mapfiles/place_api/icons/v1/png_71/restaurant-71.png,#FF9E67,https://maps.gstatic.com/mapfiles/place_api/icons/v2/restaurant_pinlet,Arby's,,"[{'height': 3024, 'html_attributions': ['<a href=""https://maps.google.com/maps/contrib/101085920483963983598"">Eli Pickett</a>'], 'photo_reference': 'AW30NDzefPjstdrqIMUtY0XGmstik97HlBJmSKdEHVkpqEAbmmsO67UFPAuf0p5QUb5NHnb5b5WjQQGv4XAhpn5B8i_TtDQB3Ly2ZzVdAYBHbRFfBRD5CrKiz4RnBkM4nNPS6BILdUQXt6N6bMtAs81tb0TW6EhyA9DFqpL1Vlmu4xLfGHUh', 'width': 4032}]",ChIJ3ew9PnLryFYRTtutHvjEOJs,"{'compound_code': '8CGH+G8 Eagle River, Anchorage, AK, USA', 'global_code': '93HG8CGH+G8'}",3.8,ChIJ3ew9PnLryFYRTtutHvjEOJs,GOOGLE,"['meal_takeaway', 'restaurant', 'point_of_interest', 'store', 'food', 'establishment']",332.0,"11716 Old Glenn Highway, Eagle River",{'open_now': True},1.0
OPERATIONAL,"{'location': {'lat': 61.3299422, 'lng': -149.5684296}, 'viewport': {'northeast': {'lat': 61.3313796302915, 'lng': -149.5666245197085}, 'southwest': {'lat': 61.32868166970849, 'lng': -149.5693224802915}}}",https://maps.gstatic.com/mapfiles/place_api/icons/v1/png_71/restaurant-71.png,#FF9E67,https://maps.gstatic.com/mapfiles/place_api/icons/v2/restaurant_pinlet,Taco Bell,,"[{'height': 3024, 'html_attributions': ['<a href=""https://maps.google.com/maps/contrib/102112355776903790927"">Chris Kirk</a>'], 'photo_reference': 'AW30NDyXjRwK3Xmdmk0p2B-TBiojk_jdKu8JySzKG4ShaJ2b8qWNfnHViF4vE8xZXEuBDjQz3sD6Mv88yzZfFvpXf8u6IzZzOtu01sZZxr82389LEVvPyAu1ovrLipyeisDvUy22c83ExgAjkiJUNMVhZw4JIHzfM1VAGX4AvPk6lWRR57sv', 'width': 4032}]",ChIJ7Y5mhXPryFYRkrWvqiEKF_8,"{'compound_code': '8CHJ+XJ Eagle River, Anchorage, AK, USA', 'global_code': '93HG8CHJ+XJ'}",3.6,ChIJ7Y5mhXPryFYRkrWvqiEKF_8,GOOGLE,"['meal_takeaway', 'restaurant', 'point_of_interest', 'food', 'establishment']",673.0,"12130 Business Boulevard, Eagle River",{'open_now': True},1.0
OPERATIONAL,"{'location': {'lat': 61.33559999999999, 'lng': -149.564723}, 'viewport': {'northeast': {'lat': 61.3369985802915, 'lng': -149.5627816197085}, 'southwest': {'lat': 61.33430061970849, 'lng': -149.5654795802915}}}",https://maps.gstatic.com/mapfiles/place_api/icons/v1/png_71/restaurant-71.png,#FF9E67,https://maps.gstatic.com/mapfiles/place_api/icons/v2/restaurant_pinlet,Tinker's Rainforest Deli,,"[{'height': 1836, 'html_attributions': ['<a href=""https://maps.google.com/maps/contrib/100072795961758268320"">Steve Casey</a>'], 'photo_reference': 'AW30NDwvYzEFkkmG6L_14CGKEJ6VZj3k7yEs4Lh6fCdS9A7doLe8QDiDMkG0_wtXjuPiJHh3kZZR2CF0TtnwtSoAi9ywtJyRWs6rmUPbK70-4Axw5qTZqnFUsGBYmZ9UVAct_fLJnElaWxtZcu0wW5vckKBCP0LjAm1Ji2fReeRQ61qydnqv', 'width': 3264}]",ChIJO3kcYHXryFYRUKiBCa1mBfM,"{'compound_code': '8CPP+64 Eagle River, Anchorage, AK, USA', 'global_code': '93HG8CPP+64'}",4.7,ChIJO3kcYHXryFYRUKiBCa1mBfM,GOOGLE,"['restaurant', 'point_of_interest', 'store', 'food', 'establishment']",178.0,"12812 Old Glenn Highway # A-6, Eagle River",{'open_now': True},2.0
OPERATIONAL,"{'location': {'lat': 61.3246988, 'lng': -149.5728403}, 'viewport': {'northeast': {'lat': 61.32626543029151, 'lng': -149.5721204697085}, 'southwest': {'lat': 61.3235674697085, 'lng': -149.5748184302915}}}",https://maps.gstatic.com/mapfiles/place_api/icons/v1/png_71/generic_business-71.png,#7B9EB0,https://maps.gstatic.com/mapfiles/place_api/icons/v2/generic_pinlet,Domino's Pizza,,"[{'height': 3024, 'html_attributions': ['<a href=""https://maps.google.com/maps/contrib/103599638963296777928"">K A</a>'], 'photo_reference': 'AW30NDzCagwNdbc0_5CAss2enVrPFCpPAtv9zKuUNOp6YbbA_IGI98MwXrvinAEJwml1z7DIcwaQCmjo4Coimoqn4_5kYhB_rW8QOTNtXCnx5W0pVVqcgr0hpC96KZboxMQlUTswF96dnUkIEsStY0T-NRZNt4OGpLY_zSMp1pviBPFayHzB', 'width': 4032}]",ChIJA1EbtIbryFYRAmEG7g0I_q8,"{'compound_code': '8CFG+VV Eagle River, Anchorage, AK, USA', 'global_code': '93HG8CFG+VV'}",4.2,ChIJA1EbtIbryFYRAmEG7g0I_q8,GOOGLE,"['meal_delivery', 'meal_takeaway', 'restaurant', 'point_of_interest', 'food', 'establishment']",138.0,"11431 Business Boulevard Ste 103, Eagle River",{'open_now': True},1.0
OPERATIONAL,"{'location': {'lat': 61.33022659999999, 'lng': -149.5694881}, 'viewport': {'northeast': {'lat': 61.3315040802915, 'lng': -149.5681599197085}, 'southwest': {'lat': 61.32880611970848, 'lng': -149.5708578802915}}}",https://maps.gstatic.com/mapfiles/place_api/icons/v1/png_71/restaurant-71.png,#FF9E67,https://maps.gstatic.com/mapfiles/place_api/icons/v2/restaurant_pinlet,Da J3rk Spot,,"[{'height': 1137, 'html_attributions': ['<a href=""https://maps.google.com/maps/contrib/103599638963296777928"">K A</a>'], 'photo_reference': 'AW30NDxOG-RZ4rgmwHLFHhmZNqoxtPfWw2XBuWlsRlRa2s5Evh9U6xoL3HzADxUJboGjVapIDsImL3vQ5b09QQQasoS5h6Y1yilbEz-rSfkqQ8p5TA8NrnjgkM3qwBngIyLOcXp2liRyd-JjxlR1qEjv_fpheYU_A3iuET1ohciVuf9sQSM-', 'width': 1511}]",ChIJgwdL1-PryFYRo1xS3yxQDls,"{'compound_code': '8CJJ+36 Eagle River, Anchorage, AK, USA', 'global_code': '93HG8CJJ+36'}",4.6,ChIJgwdL1-PryFYRo1xS3yxQDls,GOOGLE,"['restaurant', 'point_of_interest', 'food', 'establishment']",82.0,"12110 Business Boulevard, Eagle River",{'open_now': False},
OPERATIONAL,"{'location': {'lat': 61.33182369999999, 'lng': -149.5686132}, 'viewport': {'northeast': {'lat': 61.3331303302915, 'lng': -149.5668306697085}, 'southwest': {'lat': 61.3304323697085, 'lng': -149.5695286302915}}}",https://maps.gstatic.com/mapfiles/place_api/icons/v1/png_71/restaurant-71.png,#FF9E67,https://maps.gstatic.com/mapfiles/place_api/icons/v2/restaurant_pinlet,El Pastor,,"[{'height': 3024, 'html_attributions': ['<a href=""https://maps.google.com/maps/contrib/114489688943208686919"">Todd Adams</a>'], 'photo_reference': 'AW30NDz4tgDnYjIMEGyg0V4yQRLU1qSUCPycIndCcxRLqz51CrXJSFs-EhYws2Of40ZXpT1Fq_Uehyl87R2mV26f-PZSz78ZWX_ISZODlNq-VJ3Q8IuFawuh7J6m3bOo7elbX-rKIW5aaWx94kp6LWUqZlr8RGDaP80Rmn-ja_1Nj4d7viVg', 'width': 4032}]",ChIJe1SlBe7ryFYRwyPA7yFyNRk,"{'compound_code': '8CJJ+PH Eagle River, Anchorage, AK, USA', 'global_code': '93HG8CJJ+PH'}",4.5,ChIJe1SlBe7ryFYRwyPA7yFyNRk,GOOGLE,"['restaurant', 'point_of_interest', 'food', 'establishment']",189.0,"12300 Old Glenn Highway, Eagle River",{'open_now': True},2.0
CLOSED_TEMPORARILY,"{'location': {'lat': 60.9204263, 'lng': -149.6442335}, 'viewport': {'northeast': {'lat': 60.9217718302915, 'lng': -149.6430088697085}, 'southwest': {'lat': 60.91907386970849, 'lng': -149.6457068302915}}}",https://maps.gstatic.com/mapfiles/place_api/icons/v1/png_71/bar-71.png,#FF9E67,https://maps.gstatic.com/mapfiles/place_api/icons/v2/bar_pinlet,Seaview Cafe & Bar,True,"[{'height': 650, 'html_attributions': ['<a href=""https://maps.google.com/maps/contrib/110900101723957504786"">Seaview Cafe &amp; Bar</a>'], 'photo_reference': 'AW30NDy2QVLErhW0iWAShiSSoLx1tTlkT_WZYKXXdSfxwppAVWa30WtrMJn6wpPoWxseq-nMO87YuDu7a2FLKAOcgeflrbssQTl7X5s1ZN2eXYZsqOeQZeYv2L7wJ6_0HANtnL2s_4V4ZXFN0DYisHjVmz2zTvU5hOK2EkASnPAs5dJ-w8uA', 'width': 867}]",ChIJI1mbpY2ByFYR0iIZ0d3PPFo,"{'compound_code': 'W9C4+58 Hope, AK, USA', 'global_code': '93GGW9C4+58'}",4.6,ChIJI1mbpY2ByFYR0iIZ0d3PPFo,GOOGLE,"['bar', 'restaurant', 'food', 'point_of_interest', 'establishment']",199.0,"18416 B Street, Hope",,2.0
CLOSED_TEMPORARILY,"{'location': {'lat': 60.9864349, 'lng': -149.5040893}, 'viewport': {'northeast': {'lat': 60.9875046302915, 'lng': -149.5028319697086}, 'southwest': {'lat': 60.98480666970849, 'lng': -149.5055299302915}}}",https://maps.gstatic.com/mapfiles/place_api/icons/v1/png_71/restaurant-71.png,#FF9E67,https://maps.gstatic.com/mapfiles/place_api/icons/v2/restaurant_pinlet,Turnagain Arm Pit BBQ,True,"[{'height': 1125, 'html_attributions': ['<a href=""https://maps.google.com/maps/contrib/116774632983682195087"">Turnagain Arm Pit BBQ</a>'], 'photo_reference': 'AW30NDwmgWM-gXtY_Ns6rwETwhcGe3JKVlytqHI-1UkJv9Pof6wuUfVZ-UxvHFeRamjvD1aRiSrpirkw96q0CuzN8-jsesTnnxMDkxkfAx7V9dWck8crc1Yb9hGcqwiJJYW-aTxLkxhHczD5rrsoIzkptLR_N56iibK7IfKp8xcWfMqE7qkA', 'width': 2000}]",ChIJYc4WyOmGyFYRBOPz7ztm6nA,"{'compound_code': 'XFPW+H9 Indian, Anchorage, AK, USA', 'global_code': '93GGXFPW+H9'}",4.5,ChIJYc4WyOmGyFYRBOPz7ztm6nA,GOOGLE,"['restaurant', 'food', 'point_of_interest', 'establishment']",319.0,"27957 Seward Highway, Indian",,
OPERATIONAL,"{'location': {'lat': 60.98733689999999, 'lng': -149.5153193}, 'viewport': {'northeast': {'lat': 60.9884784302915, 'lng': -149.5140715197085}, 'southwest': {'lat': 60.98578046970849, 'lng': -149.5167694802915}}}",https://maps.gstatic.com/mapfiles/place_api/icons/v1/png_71/restaurant-71.png,#FF9E67,https://maps.gstatic.com/mapfiles/place_api/icons/v2/restaurant_pinlet,Indian restaurant,,"[{'height': 1810, 'html_attributions': ['<a href=""https://maps.google.com/maps/contrib/108995512889737910802"">Jenny Zhang</a>'], 'photo_reference': 'AW30NDyaOQ2FjflytlR8B7rgtFTtm_rjxJbPJPlts4ZMXmPAAXWglhWY3-RAhWuHG2XWO2kCaqg4zpjsLChprZzGfCJAQB5hRUnsZZaYty3LM2BCWVwIwirR_3hcraLWnhDkdGiOsHBe-3y-j-qDWNaeq7ubqpoC4TnEmFot9zbcsJPylnhF', 'width': 2615}]",ChIJA3-tW9-HyFYRwAYbrQ_8PGs,"{'compound_code': 'XFPM+WV Indian, Anchorage, AK, USA', 'global_code': '93GGXFPM+WV'}",,ChIJA3-tW9-HyFYRwAYbrQ_8PGs,GOOGLE,"['restaurant', 'food', 'point_of_interest', 'establishment']",,"320 Karalyssa Drive, Anchorage",,
OPERATIONAL,"{'location': {'lat': 60.9875507, 'lng': -149.5167821}, 'viewport': {'northeast': {'lat': 60.9886680302915, 'lng': -149.5155414697085}, 'southwest': {'lat': 60.98597006970849, 'lng': -149.5182394302915}}}",https://maps.gstatic.com/mapfiles/place_api/icons/v1/png_71/cafe-71.png,#FF9E67,https://maps.gstatic.com/mapfiles/place_api/icons/v2/cafe_pinlet,Birch & Alder,,"[{'height': 3024, 'html_attributions': ['<a href=""https://maps.google.com/maps/contrib/112550153406879490006"">Birch &amp; Alder</a>'], 'photo_reference': 'AW30NDxSNyhxc3dN72jJh7H3LWaoM5lJ1MqgJaOHeUn8oTRp4sEYBtNp_hUkyMRlkzGYKXhwyJJafqZCarKCv4Lk__hE7BHGyID6DA2BA4F-OsiO4Lc9IjWDmb6kkB2qc6aklbL2swiu2NCOlBYrvT8952wXUDvKt7xpuUVC_BZs17adwN8', 'width': 4032}]",ChIJ5Q9SgbaHyFYRvc4RF1WxE8U,"{'compound_code': 'XFQM+27 Indian, Anchorage, AK, USA', 'global_code': '93GGXFQM+27'}",4.9,ChIJ5Q9SgbaHyFYRvc4RF1WxE8U,GOOGLE,"['cafe', 'bakery', 'restaurant', 'food', 'store', 'point_of_interest', 'establishment']",37.0,"27635 Seward Highway, Anchorage",{'open_now': False},
CLOSED_TEMPORARILY,"{'location': {'lat': 60.9198284, 'lng': -149.6194062}, 'viewport': {'northeast': {'lat': 60.92104388029151, 'lng': -149.6178665197085}, 'southwest': {'lat': 60.9183459197085, 'lng': -149.6205644802915}}}",https://maps.gstatic.com/mapfiles/place_api/icons/v1/png_71/restaurant-71.png,#FF9E67,https://maps.gstatic.com/mapfiles/place_api/icons/v2/restaurant_pinlet,Turnagain Kayak Adventure Center,True,"[{'height': 2269, 'html_attributions': ['<a href=""https://maps.google.com/maps/contrib/113128725111039946175"">Turnagain Kayak Adventure Center</a>'], 'photo_reference': 'AW30NDyIo272376ZI1KytARmupsCw9ijm8ia4fmuBQWL1JgX1yj_sldSvwR5eGjJ9Aszo8-YZE1FyMH576jmTnbt63bQ7nF47_Ov_b34ko4PqVR4IH6z6O4JA0ty8-f7Z_TzlaBZQQNSzR9Ew8a0Rr1r-8miW7OO7XvcLFbMDhjZ85O5rCdZ', 'width': 4032}]",ChIJ83AVW5aByFYRZGD8noYwPgk,"{'compound_code': 'W99J+W6 Hope, AK, USA', 'global_code': '93GGW99J+W6'}",5.0,ChIJ83AVW5aByFYRZGD8noYwPgk,GOOGLE,"['bakery', 'cafe', 'restaurant', 'food', 'store', 'point_of_interest', 'establishment']",23.0,"19796 Hope Highway, Hope",,
CLOSED_TEMPORARILY,"{'location': {'lat': 60.9193951, 'lng': -149.6220541}, 'viewport': {'northeast': {'lat': 60.92045563029151, 'lng': -149.6203241197085}, 'southwest': {'lat': 60.9177576697085, 'lng': -149.6230220802915}}}",https://maps.gstatic.com/mapfiles/place_api/icons/v1/png_71/restaurant-71.png,#FF9E67,https://maps.gstatic.com/mapfiles/place_api/icons/v2/restaurant_pinlet,Dirty Skillet,True,"[{'height': 2359, 'html_attributions': ['<a href=""https://maps.google.com/maps/contrib/117483769883389600507"">Dirty Skillet</a>'], 'photo_reference': 'AW30NDzxmq9iL6N41vuu02cX5clLAlVIbe32dCl0hEXn33QL8reAPcaxSHAO2VgXjs9oN5XHEBYW8nuM0nC2W6MHNtNUyMtttwmvbfn53ADXcJZ05GkO1oDht88IYPKAQSxQX1H_gdlxqRGNDp9HDWpCJsLbYKHGmm7hcIQkaOzybw02df2d', 'width': 4192}]",ChIJL9nNHX2ByFYRWsI_VMICTjY,"{'compound_code': 'W99H+Q5 Hope, AK, USA', 'global_code': '93GGW99H+Q5'}",4.9,ChIJL9nNHX2ByFYRWsI_VMICTjY,GOOGLE,"['restaurant', 'food', 'point_of_interest', 'establishment']",88.0,"19702 Hope Highway, Hope",,
OPERATIONAL,"{'location': {'lat': 60.9160041, 'lng': -149.63768}, 'viewport': {'northeast': {'lat': 60.9173366302915, 'lng': -149.6362071197085}, 'southwest': {'lat': 60.91463866970849, 'lng': -149.6389050802915}}}",https://maps.gstatic.com/mapfiles/place_api/icons/v1/png_71/restaurant-71.png,#FF9E67,https://maps.gstatic.com/mapfiles/place_api/icons/v2/restaurant_pinlet,Creekbend Cafe,,"[{'height': 4000, 'html_attributions': ['<a href=""https://maps.google.com/maps/contrib/102195553449764902261"">Creekbend Cafe</a>'], 'photo_reference': 'AW30NDxc4NmapKuGnoQGNIx9rIN-NZR5PxgzuiMkgjHnaXvZINSsmkMjWQpGyNA1WjzmXCtl02MwTQHEorFafFB01wYSIlIJnd4DAGtPBlPk0-ycQA6IFRm4uqejWyQr08NS1rhqCPgbrdUrjnQwJNtNP8DDu_MF-Hr2-GieYUU7nZ9NOxef', 'width': 6000}]",ChIJMZB8G9qByFYRV5u1_yrihzg,"{'compound_code': 'W986+CW Hope, AK, USA', 'global_code': '93GGW986+CW'}",4.4,ChIJMZB8G9qByFYRV5u1_yrihzg,GOOGLE,"['restaurant', 'food', 'point_of_interest', 'establishment']",97.0,"19842 Hope Highway, Hope",{'open_now': False},
CLOSED_TEMPORARILY,"{'location': {'lat': 60.91954690000001, 'lng': -149.6437646}, 'viewport': {'northeast': {'lat': 60.9208908302915, 'lng': -149.6427337697085}, 'southwest': {'lat': 60.9181928697085, 'lng': -149.6454317302915}}}",https://maps.gstatic.com/mapfiles/place_api/icons/v1/png_71/restaurant-71.png,#FF9E67,https://maps.gstatic.com/mapfiles/place_api/icons/v2/restaurant_pinlet,Salt of Hope Food Co,True,"[{'height': 686, 'html_attributions': ['<a href=""https://maps.google.com/maps/contrib/109427897555954192922"">Salt of Hope Food Co</a>'], 'photo_reference': 'AW30NDwuqfwbkYIFg-W5MlJQRh_pqT1XoAUbYP8kJZzIz-f7vXJ2_OKwhlSpdpdDC779i5szN5oZ7Q70NJgYfZKYUsmMZlFK9ymiZIeXRCjYdgFR_Le401cGR6Z0bnevfLljLIzjnPNztpTvfCBGi4KlajC0D-r_Xe4OH9_FZ7dNZOogBKwk', 'width': 915}]",ChIJ-4WIPK-ByFYRhR8dWJd-ikE,"{'compound_code': 'W994+RF Hope, AK, USA', 'global_code': '93GGW994+RF'}",5.0,ChIJ-4WIPK-ByFYRhR8dWJd-ikE,GOOGLE,"['restaurant', 'food', 'point_of_interest', 'establishment']",7.0,"64922 Main Street, Hope",,
CLOSED_TEMPORARILY,"{'location': {'lat': 60.9204263, 'lng': -149.6442335}, 'viewport': {'northeast': {'lat': 60.9217718302915, 'lng': -149.6430088697085}, 'southwest': {'lat': 60.91907386970849, 'lng': -149.6457068302915}}}",https://maps.gstatic.com/mapfiles/place_api/icons/v1/png_71/bar-71.png,#FF9E67,https://maps.gstatic.com/mapfiles/place_api/icons/v2/bar_pinlet,Seaview Cafe & Bar,True,"[{'height': 650, 'html_attributions': ['<a href=""https://maps.google.com/maps/contrib/110900101723957504786"">Seaview Cafe &amp; Bar</a>'], 'photo_reference': 'AW30NDwEyubdseteOuA7qFswLXdV-Gy4KrojK3zZ-1DoDOpI9uky_tkx0XzeGooH6DT7E_y5bKp4PQCnpBWXiP6W5QQPRTfzzQz_trdsW2bLA5lGpiONT4g6TI9yFmb0t6cfFJcsxqkglQ_yrcg99ZC6qKRmHH4ZIMFtHQ1b09L_dj1Sx_Xx', 'width': 867}]",ChIJI1mbpY2ByFYR0iIZ0d3PPFo,"{'compound_code': 'W9C4+58 Hope, AK, USA', 'global_code': '93GGW9C4+58'}",4.6,ChIJI1mbpY2ByFYR0iIZ0d3PPFo,GOOGLE,"['bar', 'restaurant', 'food', 'point_of_interest', 'establishment']",199.0,"18416 B Street, Hope",,2.0
CLOSED_TEMPORARILY,"{'location': {'lat': 60.9864349, 'lng': -149.5040893}, 'viewport': {'northeast': {'lat': 60.9875046302915, 'lng': -149.5028319697086}, 'southwest': {'lat': 60.98480666970849, 'lng': -149.5055299302915}}}",https://maps.gstatic.com/mapfiles/place_api/icons/v1/png_71/restaurant-71.png,#FF9E67,https://maps.gstatic.com/mapfiles/place_api/icons/v2/restaurant_pinlet,Turnagain Arm Pit BBQ,True,"[{'height': 1125, 'html_attributions': ['<a href=""https://maps.google.com/maps/contrib/116774632983682195087"">Turnagain Arm Pit BBQ</a>'], 'photo_reference': 'AW30NDy8ER5sT-A2YuCGc6TX_Seaiq-i7rrm23v5XpfL7AqxOWUjJmtR4NfFj-EQakQASwHK8-OfdrqxoiahBhMpaasm3kgMK2icPCYxkBPbi5SH5TsBlQJtwcqz-orvZz-FxiO3NpFm6URJnQ7uZphaENYDzbmbh8y2-BLkga7YXx5vnJzJ', 'width': 2000}]",ChIJYc4WyOmGyFYRBOPz7ztm6nA,"{'compound_code': 'XFPW+H9 Indian, Anchorage, AK, USA', 'global_code': '93GGXFPW+H9'}",4.5,ChIJYc4WyOmGyFYRBOPz7ztm6nA,GOOGLE,"['restaurant', 'food', 'point_of_interest', 'establishment']",319.0,"27957 Seward Highway, Indian",,
OPERATIONAL,"{'location': {'lat': 60.98733689999999, 'lng': -149.5153193}, 'viewport': {'northeast': {'lat': 60.9884784302915, 'lng': -149.5140715197085}, 'southwest': {'lat': 60.98578046970849, 'lng': -149.5167694802915}}}",https://maps.gstatic.com/mapfiles/place_api/icons/v1/png_71/restaurant-71.png,#FF9E67,https://maps.gstatic.com/mapfiles/place_api/icons/v2/restaurant_pinlet,Indian restaurant,,"[{'height': 1810, 'html_attributions': ['<a href=""https://maps.google.com/maps/contrib/108995512889737910802"">Jenny Zhang</a>'], 'photo_reference': 'AW30NDyOP1JTGPrPSci4miOq2JzgsH2oKehgn6lExXLaEzgVSNRBc-aV6EJMJ94WcTXRDfRxb1a5yzj2IUhr3_-MVym52WzVZmsplxu-KejId5Dr6IpCqPnneiOtRcxT2J7-2EMbfW9oEIlkv8URAwpRqcrOD8UrItD0rmBile98_o72QLo9', 'width': 2615}]",ChIJA3-tW9-HyFYRwAYbrQ_8PGs,"{'compound_code': 'XFPM+WV Indian, Anchorage, AK, USA', 'global_code': '93GGXFPM+WV'}",,ChIJA3-tW9-HyFYRwAYbrQ_8PGs,GOOGLE,"['restaurant', 'food', 'point_of_interest', 'establishment']",,"320 Karalyssa Drive, Anchorage",,
OPERATIONAL,"{'location': {'lat': 60.9875507, 'lng': -149.5167821}, 'viewport': {'northeast': {'lat': 60.9886680302915, 'lng': -149.5155414697085}, 'southwest': {'lat': 60.98597006970849, 'lng': -149.5182394302915}}}",https://maps.gstatic.com/mapfiles/place_api/icons/v1/png_71/cafe-71.png,#FF9E67,https://maps.gstatic.com/mapfiles/place_api/icons/v2/cafe_pinlet,Birch & Alder,,"[{'height': 3024, 'html_attributions': ['<a href=""https://maps.google.com/maps/contrib/112550153406879490006"">Birch &amp; Alder</a>'], 'photo_reference': 'AW30NDyIF3eoANvouRY3S_U-R_kEhLneP_0xQH91e3iu7QyYAsFBoS4GR--ZFYFP0EPkSeyGDXf_hZ-p0q7I9v1lWGKELu1y44JTK50KhgPXpm3mQcFu1Mv_LNaESi9kInRbAAqr7nH_hKEIKwflDIIffJFyen9DzT54DAuJpowZTtb5jQM', 'width': 4032}]",ChIJ5Q9SgbaHyFYRvc4RF1WxE8U,"{'compound_code': 'XFQM+27 Indian, Anchorage, AK, USA', 'global_code': '93GGXFQM+27'}",4.9,ChIJ5Q9SgbaHyFYRvc4RF1WxE8U,GOOGLE,"['cafe', 'bakery', 'store', 'restaurant', 'food', 'point_of_interest', 'establishment']",37.0,"27635 Seward Highway, Anchorage",{'open_now': False},
CLOSED_TEMPORARILY,"{'location': {'lat': 60.9198284, 'lng': -149.6194062}, 'viewport': {'northeast': {'lat': 60.92104388029151, 'lng': -149.6178665197085}, 'southwest': {'lat': 60.9183459197085, 'lng': -149.6205644802915}}}",https://maps.gstatic.com/mapfiles/place_api/icons/v1/png_71/restaurant-71.png,#FF9E67,https://maps.gstatic.com/mapfiles/place_api/icons/v2/restaurant_pinlet,Turnagain Kayak Adventure Center,True,"[{'height': 2269, 'html_attributions': ['<a href=""https://maps.google.com/maps/contrib/113128725111039946175"">Turnagain Kayak Adventure Center</a>'], 'photo_reference': 'AW30NDzTHrfIoQxL8Yi5ezS6jfQoljtXO6UgTf1jsUutyCSMP5TgDteMNx4r8tNGrk25Kk5xE2lPzfLJDvEdHuGqlBcUFgjoXeJs8o4wAXiJH9zmHFtvOU2njfygw6UEvrEnoCDjuQVoWAYvgTnw607_oAJvG5Nyy78rfaAe4x8GBusuolPj', 'width': 4032}]",ChIJ83AVW5aByFYRZGD8noYwPgk,"{'compound_code': 'W99J+W6 Hope, AK, USA', 'global_code': '93GGW99J+W6'}",5.0,ChIJ83AVW5aByFYRZGD8noYwPgk,GOOGLE,"['bakery', 'cafe', 'store', 'restaurant', 'food', 'point_of_interest', 'establishment']",23.0,"19796 Hope Highway, Hope",,
CLOSED_TEMPORARILY,"{'location': {'lat': 60.9193951, 'lng': -149.6220541}, 'viewport': {'northeast': {'lat': 60.92045563029151, 'lng': -149.6203241197085}, 'southwest': {'lat': 60.9177576697085, 'lng': -149.6230220802915}}}",https://maps.gstatic.com/mapfiles/place_api/icons/v1/png_71/restaurant-71.png,#FF9E67,https://maps.gstatic.com/mapfiles/place_api/icons/v2/restaurant_pinlet,Dirty Skillet,True,"[{'height': 2359, 'html_attributions': ['<a href=""https://maps.google.com/maps/contrib/117483769883389600507"">Dirty Skillet</a>'], 'photo_reference': 'AW30NDzMKMU5TOw-H3QoItSQaYXKV-FiKh-GCCrgQXZe7_TBrIZj-NMgxdYAAVg1RcN9Mnyf0BltMH_QmR9jPYaUaXZVqtHLbU7HQy95MI6TYTuoN75Vdwr8L1a3z44j3boRDSaX8In1NxBxiDrdmXHv5PR6E929Yml1EUDGQeMqmYpdu9_8', 'width': 4192}]",ChIJL9nNHX2ByFYRWsI_VMICTjY,"{'compound_code': 'W99H+Q5 Hope, AK, USA', 'global_code': '93GGW99H+Q5'}",4.9,ChIJL9nNHX2ByFYRWsI_VMICTjY,GOOGLE,"['restaurant', 'food', 'point_of_interest', 'establishment']",88.0,"19702 Hope Highway, Hope",,
OPERATIONAL,"{'location': {'lat': 60.9160041, 'lng': -149.63768}, 'viewport': {'northeast': {'lat': 60.9173366302915, 'lng': -149.6362071197085}, 'southwest': {'lat': 60.91463866970849, 'lng': -149.6389050802915}}}",https://maps.gstatic.com/mapfiles/place_api/icons/v1/png_71/restaurant-71.png,#FF9E67,https://maps.gstatic.com/mapfiles/place_api/icons/v2/restaurant_pinlet,Creekbend Cafe,,"[{'height': 4000, 'html_attributions': ['<a href=""https://maps.google.com/maps/contrib/102195553449764902261"">Creekbend Cafe</a>'], 'photo_reference': 'AW30NDxBtk6ysq23k6VYxeRQcIpAGIWA8DSKNTHeb48kjOSRGgs412I-_xIsVUsZWTGxieID4zO1ROoPmkmFh-QGPGqcM6AnRBssqWZoVYWu5QXCxolvCUNUcU_rnFp00xy2KfTS0ZbLSQPalcoaxEOQpyxLsuWQCXlF6lnSNRXUlEEGXhQa', 'width': 6000}]",ChIJMZB8G9qByFYRV5u1_yrihzg,"{'compound_code': 'W986+CW Hope, AK, USA', 'global_code': '93GGW986+CW'}",4.4,ChIJMZB8G9qByFYRV5u1_yrihzg,GOOGLE,"['restaurant', 'food', 'point_of_interest', 'establishment']",97.0,"19842 Hope Highway, Hope",{'open_now': False},
CLOSED_TEMPORARILY,"{'location': {'lat': 60.91954690000001, 'lng': -149.6437646}, 'viewport': {'northeast': {'lat': 60.9208908302915, 'lng': -149.6427337697085}, 'southwest': {'lat': 60.9181928697085, 'lng': -149.6454317302915}}}",https://maps.gstatic.com/mapfiles/place_api/icons/v1/png_71/restaurant-71.png,#FF9E67,https://maps.gstatic.com/mapfiles/place_api/icons/v2/restaurant_pinlet,Salt of Hope Food Co,True,"[{'height': 686, 'html_attributions': ['<a href=""https://maps.google.com/maps/contrib/109427897555954192922"">Salt of Hope Food Co</a>'], 'photo_reference': 'AW30NDzFMQgsAf7KnAf0Xv-udsLMJqzdX5PxKE9YNshkcG8HYLz7kaHoMizQ3aaJeMiz_wF1nSPoNdPujgJVB3G_9oeouE-JuPMtS0mxB1Zr0sfpFMOWVYuMgAXdiTAgmmnZa07Zz8yr0tJpIZ7VGcEgRunJVULCdxb1QyQwdve8egbgvu2U', 'width': 915}]",ChIJ-4WIPK-ByFYRhR8dWJd-ikE,"{'compound_code': 'W994+RF Hope, AK, USA', 'global_code': '93GGW994+RF'}",5.0,ChIJ-4WIPK-ByFYRhR8dWJd-ikE,GOOGLE,"['restaurant', 'food', 'point_of_interest', 'establishment']",7.0,"64922 Main Street, Hope",,
OPERATIONAL,"{'location': {'lat': 61.41397239999999, 'lng': -149.439637}, 'viewport': {'northeast': {'lat': 61.41522878029149, 'lng': -149.4380563697085}, 'southwest': {'lat': 61.41253081970848, 'lng': -149.4407543302915}}}",https://maps.gstatic.com/mapfiles/place_api/icons/v1/png_71/restaurant-71.png,#FF9E67,https://maps.gstatic.com/mapfiles/place_api/icons/v2/restaurant_pinlet,Fried Rice Express,,"[{'height': 3024, 'html_attributions': ['<a href=""https://maps.google.com/maps/contrib/118366365365337161102"">TC Brown</a>'], 'photo_reference': 'AW30NDwlXqzcRPUJa7TZkr-iCvoia3hhVGwOHI3ahq4VwI3xaC7lTP6JynOGjfwecA5oBghctsPfsQsDsx6eyu6kqBmJbZrfY6qUDQTU49DKW-mV-oImrV379mVuR6XOi2FLsDg8d8lKKh6q6QQ1RfoEWMDimuJwZ9JM5N6GqdAJtDmKYhEg', 'width': 4032}]",ChIJebsId9noyFYRBPlG1jiuGQ0,"{'compound_code': 'CH76+H4 Chugiak, Anchorage, AK, USA', 'global_code': '93HGCH76+H4'}",4.3,ChIJebsId9noyFYRBPlG1jiuGQ0,GOOGLE,"['restaurant', 'food', 'point_of_interest', 'establishment']",108.0,"21398, 21350 Old Glen Highway, Chugiak",{'open_now': False},2.0
CLOSED_TEMPORARILY,"{'location': {'lat': 61.38767979999999, 'lng': -149.4820376}, 'viewport': {'northeast': {'lat': 61.3891866302915, 'lng': -149.4809069697085}, 'southwest': {'lat': 61.38648866970849, 'lng': -149.4836049302915}}}",https://maps.gstatic.com/mapfiles/place_api/icons/v1/png_71/cafe-71.png,#FF9E67,https://maps.gstatic.com/mapfiles/place_api/icons/v2/cafe_pinlet,Chugiak Cafe,True,"[{'height': 5376, 'html_attributions': ['<a href=""https://maps.google.com/maps/contrib/105342801928257839521"">Darrell Helton</a>'], 'photo_reference': 'AW30NDzvSwQ7a84tPUjE16wUV0Ppp0UYs7Rau1IR7FbqgQ8xRQwnz8MBn0qKdGQT94VxvvjwRqaksOEBvWvMOyIlCkOedAGZ0fnzaN9_Tn_38iXfsM8JkBH3_4qNZ35wOEq4nNB9ZHxX8PxGSwJ5Fv09im-e6TvMenjXSA3oDsOns9I1rpq6', 'width': 3024}]",ChIJkx9ps0bpyFYREFsft0P5WQI,"{'compound_code': '9GQ9+35 Chugiak, Anchorage, AK, USA', 'global_code': '93HG9GQ9+35'}",4.8,ChIJkx9ps0bpyFYREFsft0P5WQI,GOOGLE,"['cafe', 'restaurant', 'food', 'point_of_interest', 'establishment']",193.0,"18575 Old Glenn Highway, Chugiak",,1.0
OPERATIONAL,"{'location': {'lat': 61.40222779999999, 'lng': -149.4696194}, 'viewport': {'northeast': {'lat': 61.40378708029151, 'lng': -149.4678907197085}, 'southwest': {'lat': 61.4010891197085, 'lng': -149.4705886802915}}}",https://maps.gstatic.com/mapfiles/place_api/icons/v1/png_71/bar-71.png,#FF9E67,https://maps.gstatic.com/mapfiles/place_api/icons/v2/bar_pinlet,The Birchwood Saloon,,"[{'height': 3024, 'html_attributions': ['<a href=""https://maps.google.com/maps/contrib/102575990476453659705"">Hemigod</a>'], 'photo_reference': 'AW30NDw5w7ColvCVClDgBTe4FkYbJ7ztSTasjSqjTGV6jkVPDW1ihtJEo5tV6oG7Ggs9zyLeaDvKBLslnK9a9u-VVo997rXbwqKpu3Ffhv7EULI-c6rne8es23_6idqr7zRFn_bruXcOuvP9PIyK-oFdeJOD8qA1oU-aX1-jCOx0ihTMa_60', 'width': 4032}]",ChIJJ_OTKz3pyFYRCdxXwR6qAOI,"{'compound_code': 'CG2J+V5 Chugiak, Anchorage, AK, USA', 'global_code': '93HGCG2J+V5'}",4.2,ChIJJ_OTKz3pyFYRCdxXwR6qAOI,GOOGLE,"['bar', 'restaurant', 'food', 'point_of_interest', 'establishment']",107.0,"20146 Pilots Road, Chugiak",{'open_now': True},1.0
OPERATIONAL,"{'location': {'lat': 61.40888889999999, 'lng': -149.4486111}, 'viewport': {'northeast': {'lat': 61.41016888029151, 'lng': -149.4471682697085}, 'southwest': {'lat': 61.40747091970849, 'lng': -149.4498662302915}}}",https://maps.gstatic.com/mapfiles/place_api/icons/v1/png_71/restaurant-71.png,#FF9E67,https://maps.gstatic.com/mapfiles/place_api/icons/v2/restaurant_pinlet,Bella Vista Pizzeria,,"[{'height': 2937, 'html_attributions': ['<a href=""https://maps.google.com/maps/contrib/115528101754498591121"">Robin Dern</a>'], 'photo_reference': 'AW30NDwEX4kLRkqhfJKSbjfhtKr_w1bPjNK0LwP1l2zcA8rxlCltZFjJb5-cMUz-5m7Y8oTP0EtVURGb7q5_wETFqcZBSJgBk9NTH9Mx-To7xbzI1mqsHrHs0D0si7qHOrM9_syi4q7kjt0GNeISl3rGi8rCR7VDMqQOtkIhJglwuIYE7Fiz', 'width': 4922}]",ChIJs_z1FCfpyFYRinL37pRR7w8,"{'compound_code': 'CH52+HH Chugiak, Anchorage, AK, USA', 'global_code': '93HGCH52+HH'}",4.4,ChIJs_z1FCfpyFYRinL37pRR7w8,GOOGLE,"['restaurant', 'food', 'point_of_interest', 'establishment']",319.0,"20908 Bill Stephens Drive, Chugiak",{'open_now': True},2.0
OPERATIONAL,"{'location': {'lat': 61.5323715, 'lng': -149.0406188}, 'viewport': {'northeast': {'lat': 61.5336852802915, 'lng': -149.0389450697085}, 'southwest': {'lat': 61.53098731970849, 'lng': -149.0416430302915}}}",https://maps.gstatic.com/mapfiles/place_api/icons/v1/png_71/restaurant-71.png,#FF9E67,https://maps.gstatic.com/mapfiles/place_api/icons/v2/restaurant_pinlet,The Butte Burger Place,,"[{'height': 3024, 'html_attributions': ['<a href=""https://maps.google.com/maps/contrib/115776558755062603267"">Kevin Meaux</a>'], 'photo_reference': 'AW30NDxYg1C9obWSsC3758Nwkil2k3fuFlTAE3Tim-KAWsb9JM6NJrX6iCnwCG6_0y70UmyZ8phDU4Jq_caq20g_vaxasygQzoo3dSFlF_bUCbxN76Q3XvUqnwucVvxcXlq_0xohIklGZQFwX9OjeNP3Qw7SvqPiJjuViGRpTXe6fTu1xYV7', 'width': 4032}]",ChIJ21NX1PXjyFYREPXCVgQWV6c,"{'compound_code': 'GXJ5+WQ Palmer, AK, USA', 'global_code': '93HGGXJ5+WQ'}",4.9,ChIJ21NX1PXjyFYREPXCVgQWV6c,GOOGLE,"['restaurant', 'food', 'point_of_interest', 'establishment']",177.0,"4376 South Old Glenn Highway, Palmer",{'open_now': True},
OPERATIONAL,"{'location': {'lat': 61.4084632, 'lng': -149.4396844}, 'viewport': {'northeast': {'lat': 61.41005268029151, 'lng': -149.4386858197085}, 'southwest': {'lat': 61.4073547197085, 'lng': -149.4413837802915}}}",https://maps.gstatic.com/mapfiles/place_api/icons/v1/png_71/shopping-71.png,#4B96F3,https://maps.gstatic.com/mapfiles/place_api/icons/v2/shopping_pinlet,Luci Mae's LLC,,"[{'height': 3582, 'html_attributions': ['<a href=""https://maps.google.com/maps/contrib/115528101754498591121"">Robin Dern</a>'], 'photo_reference': 'AW30NDz7lC_nST_jzobXyAKaTiMNAadlUY0_grMUxVj202z3mgpOA66xaIc1eaxymp3HkuP2inyNkN-rV2MAJ6x4FsDsCJWMiRQjDFlrT4U0Aevasu8HVo1eDqYsEff25bm1cmgq657_s2Lhc1Rn-EQzF7SCRXpQ_yibTP9R7WnqQZ27UQ_j', 'width': 7370}]",ChIJtas47KrpyFYRjK5FslSRQcs,"{'compound_code': 'CH56+94 Chugiak, Anchorage, AK, USA', 'global_code': '93HGCH56+94'}",4.8,ChIJtas47KrpyFYRjK5FslSRQcs,GOOGLE,"['bakery', 'cafe', 'restaurant', 'food', 'point_of_interest', 'store', 'establishment']",42.0,"20905 Eastside Drive #2, Chugiak",{'open_now': True},
OPERATIONAL,"{'location': {'lat': 61.40884519999999, 'lng': -149.4492831}, 'viewport': {'northeast': {'lat': 61.41187055, 'lng': -149.44079775}, 'southwest': {'lat': 61.40783675, 'lng': -149.45211155}}}",https://maps.gstatic.com/mapfiles/place_api/icons/v1/png_71/restaurant-71.png,#FF9E67,https://maps.gstatic.com/mapfiles/place_api/icons/v2/restaurant_pinlet,Bobby's Cafe,,"[{'height': 3024, 'html_attributions': ['<a href=""https://maps.google.com/maps/contrib/117207173055266790423"">Gabriel Naylor</a>'], 'photo_reference': 'AW30NDznKDl9Ok1SKOgk8DO-zEIV9GixZiCnJJl58yijPy4_6GwsY7ls-YUQY04THZquKLknVYShZ0gcatSrYRqkPaaShP5mL2SVB2AvZN_vANVPDK9C_VtSaLoY4tTxn_hzM8kGTe_1q03oQBkgIBxI_whXUFSuc-v0CVTGi1KznBb2j816', 'width': 4032}]",ChIJy2ZwvH_pyFYR0c1R4n3IraM,"{'compound_code': 'CH52+G7 Chugiak, Anchorage, AK, USA', 'global_code': '93HGCH52+G7'}",4.3,ChIJy2ZwvH_pyFYR0c1R4n3IraM,GOOGLE,"['cafe', 'restaurant', 'food', 'point_of_interest', 'establishment']",131.0,"20900 Bill Stephens Drive, Chugiak",{'open_now': False},
OPERATIONAL,"{'location': {'lat': 61.5484082, 'lng': -149.0349963}, 'viewport': {'northeast': {'lat': 61.54985368029151, 'lng': -149.0337729197085}, 'southwest': {'lat': 61.54715571970849, 'lng': -149.0364708802915}}}",https://maps.gstatic.com/mapfiles/place_api/icons/v1/png_71/restaurant-71.png,#FF9E67,https://maps.gstatic.com/mapfiles/place_api/icons/v2/restaurant_pinlet,Mad Chad’s Pizza,,"[{'height': 3024, 'html_attributions': ['<a href=""https://maps.google.com/maps/contrib/117303856428067376023"">Mad Chad’s Pizza</a>'], 'photo_reference': 'AW30NDyrs4RMW4g65RYHswLl1BRGCdJOrMfXMMlORVB3uUZ7vo-kIOiwEs7LO9KTceH8t2xDsQp6Qnz8eIo51YMQimDExRKCrtC8ZkqWQQTjVnh88gnazo1QzbSfsjOIYHx_2NG2YErLnr6jAIMjmZ4Xvf1LZGjbaEbY9430qA2F4RDwSQau', 'width': 4032}]",ChIJR7CREPfjyFYRRLvK1upqGJ4,"{'compound_code': 'GXX8+92 Palmer, AK, USA', 'global_code': '93HGGXX8+92'}",4.7,ChIJR7CREPfjyFYRRLvK1upqGJ4,GOOGLE,"['restaurant', 'food', 'point_of_interest', 'establishment']",39.0,"16500 Marilyn Drive, Palmer",{'open_now': False},
OPERATIONAL,"{'location': {'lat': 61.39745629999999, 'lng': -149.4648348}, 'viewport': {'northeast': {'lat': 61.39911873029151, 'lng': -149.4630570197085}, 'southwest': {'lat': 61.3964207697085, 'lng': -149.4657549802915}}}",https://maps.gstatic.com/mapfiles/place_api/icons/v1/png_71/generic_business-71.png,#7B9EB0,https://maps.gstatic.com/mapfiles/place_api/icons/v2/generic_pinlet,"Chugiak Senior Citizens, Inc. DBA Chugiak-Eagle River Senior Center",,"[{'height': 2441, 'html_attributions': ['<a href=""https://maps.google.com/maps/contrib/115528101754498591121"">Robin Dern</a>'], 'photo_reference': 'AW30NDx-INNG708dRdwwe1pyGUy5_yJTLjUq2MhK_C-w002QdD44q6pogh9LYq4_IbPUf-fEadoiqgrm_cyElMAuvAlPMAPEyhRyDDLWa0NDLwu0-GWoTyGL_sSJEy0vPcXhzZ4wBTY4TAJXF_V_Dq0eDDyde6g_WTTav9g3Ualjt9Fkhd9T', 'width': 5324}]",ChIJ2WpgeDvpyFYRXxSZWkb-ifg,"{'compound_code': '9GWP+X3 Chugiak, Anchorage, AK, USA', 'global_code': '93HG9GWP+X3'}",4.0,ChIJ2WpgeDvpyFYRXxSZWkb-ifg,GOOGLE,"['meal_delivery', 'car_rental', 'health', 'restaurant', 'food', 'point_of_interest', 'establishment']",14.0,"22424 Birchwood Loop Road, Chugiak",{'open_now': True},
OPERATIONAL,"{'location': {'lat': 61.55225859999999, 'lng': -149.2289578}, 'viewport': {'northeast': {'lat': 61.55351393029149, 'lng': -149.2277207697085}, 'southwest': {'lat': 61.55081596970848, 'lng': -149.2304187302915}}}",https://maps.gstatic.com/mapfiles/place_api/icons/v1/png_71/lodging-71.png,#909CE1,https://maps.gstatic.com/mapfiles/place_api/icons/v2/hotel_pinlet,Fox Run Lodge & RV Campground,,"[{'height': 5162, 'html_attributions': ['<a href=""https://maps.google.com/maps/contrib/114067559600816804350"">Maja-lisa Pratt</a>'], 'photo_reference': 'AW30NDz4Jk2ItS_K7SMbnM5Cvh0_1j0wuWNufkWw0S46uw5HHmUR7-0GU38jklXTEnL_f-xF9hpNN6yEYgfXg40DsYIN7CZrUjxmMLMKFecUOONbwz_ZXouMvKBXFrWPPkfNHLVWRJc4VPYCMgJ3t0mMSjsbyst8m9l18vcUoXB44CsMlzDr', 'width': 3628}]",ChIJge6aGHvhyFYRbPU0fnG4Htg,"{'compound_code': 'HQ2C+WC Palmer, AK, USA', 'global_code': '93HGHQ2C+WC'}",4.3,ChIJge6aGHvhyFYRbPU0fnG4Htg,GOOGLE,"['rv_park', 'campground', 'park', 'lodging', 'restaurant', 'food', 'point_of_interest', 'establishment']",124.0,"4466 Glenn Highway, Palmer",{'open_now': True},
CLOSED_TEMPORARILY,"{'location': {'lat': 61.552259, 'lng': -149.228958}, 'viewport': {'northeast': {'lat': 61.5535186802915, 'lng': -149.2277494197085}, 'southwest': {'lat': 61.5508207197085, 'lng': -149.2304473802915}}}",https://maps.gstatic.com/mapfiles/place_api/icons/v1/png_71/restaurant-71.png,#FF9E67,https://maps.gstatic.com/mapfiles/place_api/icons/v2/restaurant_pinlet,Bear's Belly BBQ at Fox Run Lodge,True,"[{'height': 3024, 'html_attributions': ['<a href=""https://maps.google.com/maps/contrib/109939388107466958698"">Bear&#39;s Belly BBQ at Fox Run Lodge</a>'], 'photo_reference': 'AW30NDw0cdLAa5G4SjpOHBaojlJ9rt2yu0ccBGInXElN3-2h_9XpLU-LY6k4DboMLZJ7b3ERJAkmZQBLMiicPvzcmRNvHP2XXQXaHMLim9MRLfjQYZTFNM9zqSjl5QAybVj3YdN4VrLszoW05ZBBQwf_Z37d7o1gpphtZzLcoplD2cDHSVYS', 'width': 4032}]",ChIJx4rTwkLhyFYRq7wYjT-o8WQ,"{'compound_code': 'HQ2C+WC Palmer, AK, USA', 'global_code': '93HGHQ2C+WC'}",4.4,ChIJx4rTwkLhyFYRq7wYjT-o8WQ,GOOGLE,"['restaurant', 'food', 'point_of_interest', 'establishment']",35.0,"4466 Glenn Highway, Palmer",,
OPERATIONAL,"{'location': {'lat': 61.5522563, 'lng': -149.229172}, 'viewport': {'northeast': {'lat': 61.5535196302915, 'lng': -149.2278710697085}, 'southwest': {'lat': 61.55082166970848, 'lng': -149.2305690302915}}}",https://maps.gstatic.com/mapfiles/place_api/icons/v1/png_71/restaurant-71.png,#FF9E67,https://maps.gstatic.com/mapfiles/place_api/icons/v2/restaurant_pinlet,Cheng Asian Cuisine,,"[{'height': 3840, 'html_attributions': ['<a href=""https://maps.google.com/maps/contrib/109821871178580612725"">Cheng Asian Cuisine</a>'], 'photo_reference': 'AW30NDz-6bwyzv9G8j_I1kuXu5LN8b0oQcMvgwHIwL7hGWAzR4gcDKwe_MCXWRAc3XXU-R-8Ez4bxfgdSC64LQxEL8ZIXVEmFr9V89GJuhI8weXgjeYOnJBfsv-5TrXbKx87vTmt-YaFrYviQzDv2hcTmz2V_gFu1-UqzbV9GYlUcBnZaZv2', 'width': 5760}]",ChIJ6wr4XirhyFYRkNQZF_nJOh8,"{'compound_code': 'HQ2C+W8 Palmer, AK, USA', 'global_code': '93HGHQ2C+W8'}",5.0,ChIJ6wr4XirhyFYRkNQZF_nJOh8,GOOGLE,"['restaurant', 'food', 'point_of_interest', 'establishment']",4.0,"4466 Glenn Highway, Palmer",{'open_now': True},
OPERATIONAL,"{'location': {'lat': 61.41397239999999, 'lng': -149.439637}, 'viewport': {'northeast': {'lat': 61.41522878029149, 'lng': -149.4380563697085}, 'southwest': {'lat': 61.41253081970848, 'lng': -149.4407543302915}}}",https://maps.gstatic.com/mapfiles/place_api/icons/v1/png_71/restaurant-71.png,#FF9E67,https://maps.gstatic.com/mapfiles/place_api/icons/v2/restaurant_pinlet,Fried Rice Express,,"[{'height': 3024, 'html_attributions': ['<a href=""https://maps.google.com/maps/contrib/118366365365337161102"">TC Brown</a>'], 'photo_reference': 'AW30NDzZ3yPsSXuYijseZWhkNiuc3ZiaCsOiU3Z2hGaaNH7EYHQ96lf8I1NO-QNPInGWNvDzvTTTUu3mHvtQ0SfyJUG7LPG_N0qV-ZZ5VpEtwkd4xLhlCzvpPu0myhLMZAoariCa8DddW8E8pjYGYebCKjIAzEZXmzsMYCSaWzsKs71SKhQC', 'width': 4032}]",ChIJebsId9noyFYRBPlG1jiuGQ0,"{'compound_code': 'CH76+H4 Chugiak, Anchorage, AK, USA', 'global_code': '93HGCH76+H4'}",4.3,ChIJebsId9noyFYRBPlG1jiuGQ0,GOOGLE,"['restaurant', 'food', 'point_of_interest', 'establishment']",108.0,"21398, 21350 Old Glen Highway, Chugiak",{'open_now': False},2.0
CLOSED_TEMPORARILY,"{'location': {'lat': 61.38767979999999, 'lng': -149.4820376}, 'viewport': {'northeast': {'lat': 61.3891866302915, 'lng': -149.4809069697085}, 'southwest': {'lat': 61.38648866970849, 'lng': -149.4836049302915}}}",https://maps.gstatic.com/mapfiles/place_api/icons/v1/png_71/cafe-71.png,#FF9E67,https://maps.gstatic.com/mapfiles/place_api/icons/v2/cafe_pinlet,Chugiak Cafe,True,"[{'height': 5376, 'html_attributions': ['<a href=""https://maps.google.com/maps/contrib/105342801928257839521"">Darrell Helton</a>'], 'photo_reference': 'AW30NDwfag2F46iNgS3eC8PTJLMsaa0kNYf6OrtC4DUDSxLDMq5CMOaqL3TkmjWt61mmhDXRQ_1VqY0hBGMQtm4vZeCuj3NOujsv3rIH8D4I00c1BIC_asyLflXLVS2bim_gZTRgVGxa4gOJn77lC9k5IWAnpKhMenk5LtRkABZokWGLXI05', 'width': 3024}]",ChIJkx9ps0bpyFYREFsft0P5WQI,"{'compound_code': '9GQ9+35 Chugiak, Anchorage, AK, USA', 'global_code': '93HG9GQ9+35'}",4.8,ChIJkx9ps0bpyFYREFsft0P5WQI,GOOGLE,"['cafe', 'restaurant', 'food', 'point_of_interest', 'establishment']",193.0,"18575 Old Glenn Highway, Chugiak",,1.0
OPERATIONAL,"{'location': {'lat': 61.40222779999999, 'lng': -149.4696194}, 'viewport': {'northeast': {'lat': 61.40378708029151, 'lng': -149.4678907197085}, 'southwest': {'lat': 61.4010891197085, 'lng': -149.4705886802915}}}",https://maps.gstatic.com/mapfiles/place_api/icons/v1/png_71/bar-71.png,#FF9E67,https://maps.gstatic.com/mapfiles/place_api/icons/v2/bar_pinlet,The Birchwood Saloon,,"[{'height': 3024, 'html_attributions': ['<a href=""https://maps.google.com/maps/contrib/102575990476453659705"">Hemigod</a>'], 'photo_reference': 'AW30NDzsCkaZYmc5xrqwdq4N0ejBCvdu4sYbbFXVcvkXRJjnOMA4jxpPdlpfid_Ujfw9ORTMwEV4Xsg7eCmoP__Y48K5m6gMgXENv5MasHPLzGXbky8hhVEXJVFECBfKbDr3fGBqE-SrxhvTE8GluFKrhnJ-v4DvTVVmMspKjqiYoHvdk213', 'width': 4032}]",ChIJJ_OTKz3pyFYRCdxXwR6qAOI,"{'compound_code': 'CG2J+V5 Chugiak, Anchorage, AK, USA', 'global_code': '93HGCG2J+V5'}",4.2,ChIJJ_OTKz3pyFYRCdxXwR6qAOI,GOOGLE,"['bar', 'restaurant', 'food', 'point_of_interest', 'establishment']",107.0,"20146 Pilots Road, Chugiak",{'open_now': True},1.0
OPERATIONAL,"{'location': {'lat': 61.40888889999999, 'lng': -149.4486111}, 'viewport': {'northeast': {'lat': 61.41016888029151, 'lng': -149.4471682697085}, 'southwest': {'lat': 61.40747091970849, 'lng': -149.4498662302915}}}",https://maps.gstatic.com/mapfiles/place_api/icons/v1/png_71/restaurant-71.png,#FF9E67,https://maps.gstatic.com/mapfiles/place_api/icons/v2/restaurant_pinlet,Bella Vista Pizzeria,,"[{'height': 2937, 'html_attributions': ['<a href=""https://maps.google.com/maps/contrib/115528101754498591121"">Robin Dern</a>'], 'photo_reference': 'AW30NDxIBWUeaiNkWUPm5xKJ1YS9ae4kGUBgko0iZCPzfmyQFeupDNP2RFLYgxfV22it-e2Os710W8N3S2foiKugyR4OEwphncO9oZMvfecNVZOar8S6ppawUbhX2pIQu4EJUN-RkDji5ARolqh73UZV2xz4BYPzpaE9EEObERdaSHenrmiR', 'width': 4922}]",ChIJs_z1FCfpyFYRinL37pRR7w8,"{'compound_code': 'CH52+HH Chugiak, Anchorage, AK, USA', 'global_code': '93HGCH52+HH'}",4.4,ChIJs_z1FCfpyFYRinL37pRR7w8,GOOGLE,"['restaurant', 'food', 'point_of_interest', 'establishment']",319.0,"20908 Bill Stephens Drive, Chugiak",{'open_now': True},2.0
OPERATIONAL,"{'location': {'lat': 61.5323715, 'lng': -149.0406188}, 'viewport': {'northeast': {'lat': 61.5336852802915, 'lng': -149.0389450697085}, 'southwest': {'lat': 61.53098731970849, 'lng': -149.0416430302915}}}",https://maps.gstatic.com/mapfiles/place_api/icons/v1/png_71/restaurant-71.png,#FF9E67,https://maps.gstatic.com/mapfiles/place_api/icons/v2/restaurant_pinlet,The Butte Burger Place,,"[{'height': 3024, 'html_attributions': ['<a href=""https://maps.google.com/maps/contrib/115776558755062603267"">Kevin Meaux</a>'], 'photo_reference': 'AW30NDyP8rKz1aA7r8wS2P_bYSfpVHZQzbw4_wK3SAUexKt4mw_LBiP3h7J3SCd9zw2eONAkE3R6DyXJRhkhm1HoI5jPyRgGfqDQYmpfmDLjIi3kaOw7s44UjDYSeNan-eHs-4pkkkXe7TlQ7VCN1_l99FLwobnWA4mm9ES6PMZU8yQ253Ck', 'width': 4032}]",ChIJ21NX1PXjyFYREPXCVgQWV6c,"{'compound_code': 'GXJ5+WQ Palmer, AK, USA', 'global_code': '93HGGXJ5+WQ'}",4.9,ChIJ21NX1PXjyFYREPXCVgQWV6c,GOOGLE,"['restaurant', 'food', 'point_of_interest', 'establishment']",177.0,"4376 South Old Glenn Highway, Palmer",{'open_now': True},
OPERATIONAL,"{'location': {'lat': 61.5396698, 'lng': -149.0357311}, 'viewport': {'northeast': {'lat': 61.54105503029152, 'lng': -149.0346734197085}, 'southwest': {'lat': 61.5383570697085, 'lng': -149.0373713802915}}}",https://maps.gstatic.com/mapfiles/place_api/icons/v1/png_71/restaurant-71.png,#FF9E67,https://maps.gstatic.com/mapfiles/place_api/icons/v2/restaurant_pinlet,The Green Taco,,,ChIJPZrWVILjyFYR56XeYAYlb0k,"{'compound_code': 'GXQ7+VP Palmer, AK, USA', 'global_code': '93HGGXQ7+VP'}",,ChIJPZrWVILjyFYR56XeYAYlb0k,GOOGLE,"['restaurant', 'food', 'point_of_interest', 'establishment']",,"3655 South Old Glenn Highway, Palmer",,
OPERATIONAL,"{'location': {'lat': 61.4084632, 'lng': -149.4396844}, 'viewport': {'northeast': {'lat': 61.41005268029151, 'lng': -149.4386858197085}, 'southwest': {'lat': 61.4073547197085, 'lng': -149.4413837802915}}}",https://maps.gstatic.com/mapfiles/place_api/icons/v1/png_71/shopping-71.png,#4B96F3,https://maps.gstatic.com/mapfiles/place_api/icons/v2/shopping_pinlet,Luci Mae's LLC,,"[{'height': 3582, 'html_attributions': ['<a href=""https://maps.google.com/maps/contrib/115528101754498591121"">Robin Dern</a>'], 'photo_reference': 'AW30NDyVGhadUP1GCpiFO47sreK3gwCq_Icfm2Z5_ZLCqGntVT7PNg59cbsInvTVKDaoNOa5dDReBZrZqSSH7Doz0M_66VYLpgoV68SwUjyj9AmWC2Vx5E-49dApqpgKa_t7HP_Ffp2Xsg3CNoemdN0Y_ftfnlgBgzd6FnxIUwiwovnY-c1x', 'width': 7370}]",ChIJtas47KrpyFYRjK5FslSRQcs,"{'compound_code': 'CH56+94 Chugiak, Anchorage, AK, USA', 'global_code': '93HGCH56+94'}",4.8,ChIJtas47KrpyFYRjK5FslSRQcs,GOOGLE,"['cafe', 'bakery', 'restaurant', 'food', 'point_of_interest', 'store', 'establishment']",42.0,"20905 Eastside Drive #2, Chugiak",{'open_now': True},
OPERATIONAL,"{'location': {'lat': 61.40884519999999, 'lng': -149.4492831}, 'viewport': {'northeast': {'lat': 61.41187055, 'lng': -149.44079775}, 'southwest': {'lat': 61.40783675, 'lng': -149.45211155}}}",https://maps.gstatic.com/mapfiles/place_api/icons/v1/png_71/restaurant-71.png,#FF9E67,https://maps.gstatic.com/mapfiles/place_api/icons/v2/restaurant_pinlet,Bobby's Cafe,,"[{'height': 3024, 'html_attributions': ['<a href=""https://maps.google.com/maps/contrib/117207173055266790423"">Gabriel Naylor</a>'], 'photo_reference': 'AW30NDzPoJpK_NT0sMz8iPBQWTx5xwMa2gYcpCarGPWyz1m8qB2GbwMVHl46Eg7MISxOeASJfXn8lkgw1qfYon1ZREg7RndI9ZM9SUoYy_O2cByn-Oz4ku6ZpHvX0bnLSTW-MwuBzt5xoq2G6pNa433uT3DXCFe62kPumDYRNKD78aPs41TT', 'width': 4032}]",ChIJy2ZwvH_pyFYR0c1R4n3IraM,"{'compound_code': 'CH52+G7 Chugiak, Anchorage, AK, USA', 'global_code': '93HGCH52+G7'}",4.3,ChIJy2ZwvH_pyFYR0c1R4n3IraM,GOOGLE,"['cafe', 'restaurant', 'food', 'point_of_interest', 'establishment']",131.0,"20900 Bill Stephens Drive, Chugiak",{'open_now': False},
OPERATIONAL,"{'location': {'lat': 61.5484082, 'lng': -149.0349963}, 'viewport': {'northeast': {'lat': 61.54985368029151, 'lng': -149.0337729197085}, 'southwest': {'lat': 61.54715571970849, 'lng': -149.0364708802915}}}",https://maps.gstatic.com/mapfiles/place_api/icons/v1/png_71/restaurant-71.png,#FF9E67,https://maps.gstatic.com/mapfiles/place_api/icons/v2/restaurant_pinlet,Mad Chad’s Pizza,,"[{'height': 3024, 'html_attributions': ['<a href=""https://maps.google.com/maps/contrib/117303856428067376023"">Mad Chad’s Pizza</a>'], 'photo_reference': 'AW30NDxyiPDceaWKKAYIriEcskHLe1vEur3BvVFqaCeZaRphDyvnpLXUtj2Uut08_ZjAoMdmNJlu4tXJMSl2tM1YxPsZBYvO4Oe-zuNKbWiy_-4czUwkzmrTrr0-8fMfpjOlt_hTg6O1GpEPpPu1TzQU9zhIXtfLfSonqXrmgA2wK3hU1wbw', 'width': 4032}]",ChIJR7CREPfjyFYRRLvK1upqGJ4,"{'compound_code': 'GXX8+92 Palmer, AK, USA', 'global_code': '93HGGXX8+92'}",4.7,ChIJR7CREPfjyFYRRLvK1upqGJ4,GOOGLE,"['restaurant', 'food', 'point_of_interest', 'establishment']",39.0,"16500 Marilyn Drive, Palmer",{'open_now': False},
OPERATIONAL,"{'location': {'lat': 61.39745629999999, 'lng': -149.4648348}, 'viewport': {'northeast': {'lat': 61.39911873029151, 'lng': -149.4630570197085}, 'southwest': {'lat': 61.3964207697085, 'lng': -149.4657549802915}}}",https://maps.gstatic.com/mapfiles/place_api/icons/v1/png_71/generic_business-71.png,#7B9EB0,https://maps.gstatic.com/mapfiles/place_api/icons/v2/generic_pinlet,"Chugiak Senior Citizens, Inc. DBA Chugiak-Eagle River Senior Center",,"[{'height': 2441, 'html_attributions': ['<a href=""https://maps.google.com/maps/contrib/115528101754498591121"">Robin Dern</a>'], 'photo_reference': 'AW30NDzPEKUzYUtwfTHCSTvUtw2ILWRHoX6NqHFrvBIzjcLbqfJj3tN9AcsvlqQUIn6wIfK0cCLDXtNwQnUrxxnc6xXf54UUxg9cCIYc-EvuopjZkGUJhy8xwmo_UXovETJixGfGQtHWBNO2gxXOWeD3R2S9UP4vkP7IZNdaLI_pytlf92M7', 'width': 5324}]",ChIJ2WpgeDvpyFYRXxSZWkb-ifg,"{'compound_code': '9GWP+X3 Chugiak, Anchorage, AK, USA', 'global_code': '93HG9GWP+X3'}",4.0,ChIJ2WpgeDvpyFYRXxSZWkb-ifg,GOOGLE,"['car_rental', 'meal_delivery', 'restaurant', 'food', 'point_of_interest', 'health', 'establishment']",14.0,"22424 Birchwood Loop Road, Chugiak",{'open_now': True},
OPERATIONAL,"{'location': {'lat': 61.55225859999999, 'lng': -149.2289578}, 'viewport': {'northeast': {'lat': 61.55351393029149, 'lng': -149.2277207697085}, 'southwest': {'lat': 61.55081596970848, 'lng': -149.2304187302915}}}",https://maps.gstatic.com/mapfiles/place_api/icons/v1/png_71/lodging-71.png,#909CE1,https://maps.gstatic.com/mapfiles/place_api/icons/v2/hotel_pinlet,Fox Run Lodge & RV Campground,,"[{'height': 5162, 'html_attributions': ['<a href=""https://maps.google.com/maps/contrib/114067559600816804350"">Maja-lisa Pratt</a>'], 'photo_reference': 'AW30NDx3hKC3ftVcrfJxcMRYeV-WwELl6FU_J8eFQ5pgU1myWJONCK53YLimCfyOlnUTIpq3iU9zVr-RVhTOnsqXuQ_kY3mS3pWkqyAHBJPu5pBoxc6BgmxSsY7xK4dNlr0exVM-ObrPyl93ATdni_XsDfD6KysoQKJJvxXIiVnCFm-yTYA8', 'width': 3628}]",ChIJge6aGHvhyFYRbPU0fnG4Htg,"{'compound_code': 'HQ2C+WC Palmer, AK, USA', 'global_code': '93HGHQ2C+WC'}",4.3,ChIJge6aGHvhyFYRbPU0fnG4Htg,GOOGLE,"['rv_park', 'campground', 'lodging', 'park', 'restaurant', 'food', 'point_of_interest', 'establishment']",124.0,"4466 Glenn Highway, Palmer",{'open_now': True},
CLOSED_TEMPORARILY,"{'location': {'lat': 61.552259, 'lng': -149.228958}, 'viewport': {'northeast': {'lat': 61.5535186802915, 'lng': -149.2277494197085}, 'southwest': {'lat': 61.5508207197085, 'lng': -149.2304473802915}}}",https://maps.gstatic.com/mapfiles/place_api/icons/v1/png_71/restaurant-71.png,#FF9E67,https://maps.gstatic.com/mapfiles/place_api/icons/v2/restaurant_pinlet,Bear's Belly BBQ at Fox Run Lodge,True,"[{'height': 3024, 'html_attributions': ['<a href=""https://maps.google.com/maps/contrib/109939388107466958698"">Bear&#39;s Belly BBQ at Fox Run Lodge</a>'], 'photo_reference': 'AW30NDx6xVmqbyQYt00avsJaC94JbBT4UU9tbHL7urRIXGw7eNzTVimXJhK6MzmCScrf478UoBTyxzgA1ADwJ2kiL1lt668iqctRRu_I1r_BWZ5P7tsJ4lZDomFWR7zxM_lWSqnKEWD8TIM3ID2LB6NlbXN3YaB80Qg3d08S20MWRSiiTQTx', 'width': 4032}]",ChIJx4rTwkLhyFYRq7wYjT-o8WQ,"{'compound_code': 'HQ2C+WC Palmer, AK, USA', 'global_code': '93HGHQ2C+WC'}",4.4,ChIJx4rTwkLhyFYRq7wYjT-o8WQ,GOOGLE,"['restaurant', 'food', 'point_of_interest', 'establishment']",35.0,"4466 Glenn Highway, Palmer",,
OPERATIONAL,"{'location': {'lat': 61.5522563, 'lng': -149.229172}, 'viewport': {'northeast': {'lat': 61.5535196302915, 'lng': -149.2278710697085}, 'southwest': {'lat': 61.55082166970848, 'lng': -149.2305690302915}}}",https://maps.gstatic.com/mapfiles/place_api/icons/v1/png_71/restaurant-71.png,#FF9E67,https://maps.gstatic.com/mapfiles/place_api/icons/v2/restaurant_pinlet,Cheng Asian Cuisine,,"[{'height': 3840, 'html_attributions': ['<a href=""https://maps.google.com/maps/contrib/109821871178580612725"">Cheng Asian Cuisine</a>'], 'photo_reference': 'AW30NDwcg076UhXONhWMwnv-p-PAJrFHfj1iVyV_sT-AwphH4kIOzAodaF0YjBA-jAAQY5q6EG3CWCrQ_JlJigx7wyB1bjaw_QclSjL2zhhkmnFbWO4YPDUTPuwU2Jc2e6TuaBCM9DxkkoGmcLVoKLfVGwcxVO6AVrFnpYMZfkNL9EvR8k5D', 'width': 5760}]",ChIJ6wr4XirhyFYRkNQZF_nJOh8,"{'compound_code': 'HQ2C+W8 Palmer, AK, USA', 'global_code': '93HGHQ2C+W8'}",5.0,ChIJ6wr4XirhyFYRkNQZF_nJOh8,GOOGLE,"['restaurant', 'food', 'point_of_interest', 'establishment']",4.0,"4466 Glenn Highway, Palmer",{'open_now': True},
