business_status,geometry,icon,icon_background_color,icon_mask_base_uri,name,opening_hours,photos,place_id,plus_code,price_level,rating,reference,scope,types,user_ratings_total,vicinity
OPERATIONAL,"{'location': {'lat': 41.8299807, 'lng': -87.6658922}, 'viewport': {'northeast': {'lat': 41.8314765302915, 'lng': -87.66441561970849}, 'southwest': {'lat': 41.8287785697085, 'lng': -87.6671135802915}}}",https://maps.gstatic.com/mapfiles/place_api/icons/v1/png_71/restaurant-71.png,#FF9E67,https://maps.gstatic.com/mapfiles/place_api/icons/v2/restaurant_pinlet,Subway,{'open_now': True},"[{'height': 2322, 'html_attributions': ['<a href=""https://maps.google.com/maps/contrib/106861854349681154448"">Violeta Fierro</a>'], 'photo_reference': 'AW30NDzebyL0Fr_URDEn0kX4STkEl4TveEmIdsAsGHuyQvFO7eaxLcMrcJyhUD9CbbyQ8RHSfBu1lPwoitgteBPRKPTOeNEC2UfKkPu_jxntn-bBFBkBqQMu1yR58IK0SSO0i5md3spBm9E-D8KzElrsm5LGPE2Z6B0ZrNOSUeMnZh9AQEel', 'width': 4128}]",ChIJA2A9Gc8tDogRUORJd7XIod8,"{'compound_code': 'R8HM+XJ Chicago, IL, USA', 'global_code': '86HJR8HM+XJ'}",1.0,3.9,ChIJA2A9Gc8tDogRUORJd7XIod8,GOOGLE,"['meal_takeaway', 'restaurant', 'food', 'point_of_interest', 'establishment']",83.0,"3510 South Ashland Avenue, Chicago"
OPERATIONAL,"{'location': {'lat': 41.82366260000001, 'lng': -87.68908549999999}, 'viewport': {'northeast': {'lat': 41.82492478029151, 'lng': -87.68765271970848}, 'southwest': {'lat': 41.82222681970851, 'lng': -87.69035068029149}}}",https://maps.gstatic.com/mapfiles/place_api/icons/v1/png_71/restaurant-71.png,#FF9E67,https://maps.gstatic.com/mapfiles/place_api/icons/v2/restaurant_pinlet,Tio Luis Tacos,{'open_now': True},"[{'height': 2268, 'html_attributions': ['<a href=""https://maps.google.com/maps/contrib/110887029808250724722"">Sonny Chan</a>'], 'photo_reference': 'AW30NDy21pB2SA5BQP42A_mdn4DFGeSBcwunZPRtD2kuLyLZi2v1CdkTRO_C_qX-TjF94RPPUkxG0XmoV9uQdQwHx836cvgOM9mYnBclp_S5rbK52egrzAs9Qfo_TdZKF7thez2GALjjXKGR7ehNfgAxM3Q2c_W_rkn7Ne5zZt_0BvsPg6mb', 'width': 4032}]",ChIJG5L2FfstDogR2NdGjSslBU8,"{'compound_code': 'R8F6+F9 Chicago, IL, USA', 'global_code': '86HJR8F6+F9'}",2.0,4.2,ChIJG5L2FfstDogR2NdGjSslBU8,GOOGLE,"['restaurant', 'food', 'point_of_interest', 'establishment']",1265.0,"3856 South Archer Avenue, Chicago"
OPERATIONAL,"{'location': {'lat': 41.8403941, 'lng': -87.7044155}, 'viewport': {'northeast': {'lat': 41.84175173029149, 'lng': -87.70313586970849}, 'southwest': {'lat': 41.8390537697085, 'lng': -87.7058338302915}}}",https://maps.gstatic.com/mapfiles/place_api/icons/v1/png_71/restaurant-71.png,#FF9E67,https://maps.gstatic.com/mapfiles/place_api/icons/v2/restaurant_pinlet,Subway,{'open_now': True},"[{'height': 4312, 'html_attributions': ['<a href=""https://maps.google.com/maps/contrib/104055592232621869084"">Amin</a>'], 'photo_reference': 'AW30NDwtbqWB6C8OtMZZuXndAzG7Rrj_hAPFpLYJZATOLO23K8rBM61D1aFYWCuRt6zBY-z4d3PaCxuyBWBR3lmT2drgLgANam2NO7kbBvUppnqiHqfdhN666MSVtD61cU88l2jTC9iW1GJua0pevmUFQo6s1YX56FyC2ahVoijS0bf9iQxC', 'width': 5760}]",ChIJv8ufsnMyDogRqvvOWIijOD0,"{'compound_code': 'R7RW+56 Chicago, IL, USA', 'global_code': '86HJR7RW+56'}",1.0,3.8,ChIJv8ufsnMyDogRqvvOWIijOD0,GOOGLE,"['meal_takeaway', 'restaurant', 'food', 'point_of_interest', 'establishment']",112.0,"2811 South Kedzie Avenue, Chicago"
OPERATIONAL,"{'location': {'lat': 41.8476402, 'lng': -87.68333439999999}, 'viewport': {'northeast': {'lat': 41.8489384302915, 'lng': -87.68202361970849}, 'southwest': {'lat': 41.8462404697085, 'lng': -87.6847215802915}}}",https://maps.gstatic.com/mapfiles/place_api/icons/v1/png_71/restaurant-71.png,#FF9E67,https://maps.gstatic.com/mapfiles/place_api/icons/v2/restaurant_pinlet,Bruna's Ristorante,{'open_now': True},"[{'height': 470, 'html_attributions': ['<a href=""https://maps.google.com/maps/contrib/113298972474953084943"">Bruna&#39;s Ristorante</a>'], 'photo_reference': 'AW30NDz4JYUoCyMpL41NQ7OkElebEvrfFcXUQYlBdQaP4HzaUfGq1EA_Gvs73AMsAtEeB_bgxZ1a1G54uLmDzVQIWG_tXTxR8_vw4vuD15YOsULrKXaWqFvqhOPOiMSC_NOhRylZHMewPIGZc5T1ltxZtxqYM1jMoDw2L0aldPANUFb4_C4c', 'width': 915}]",ChIJp8RUGZotDogRmqMcnYjxS_0,"{'compound_code': 'R8X8+3M Chicago, IL, USA', 'global_code': '86HJR8X8+3M'}",2.0,4.5,ChIJp8RUGZotDogRmqMcnYjxS_0,GOOGLE,"['restaurant', 'food', 'point_of_interest', 'establishment']",442.0,"2424 South Oakley Avenue, Chicago"
OPERATIONAL,"{'location': {'lat': 41.84802370000001, 'lng': -87.6829477}, 'viewport': {'northeast': {'lat': 41.8493792802915, 'lng': -87.6816074697085}, 'southwest': {'lat': 41.8466813197085, 'lng': -87.6843054302915}}}",https://maps.gstatic.com/mapfiles/place_api/icons/v1/png_71/restaurant-71.png,#FF9E67,https://maps.gstatic.com/mapfiles/place_api/icons/v2/restaurant_pinlet,Bacchanalia,{'open_now': True},"[{'height': 4032, 'html_attributions': ['<a href=""https://maps.google.com/maps/contrib/108644339080133746935"">Dan Panattoni</a>'], 'photo_reference': 'AW30NDxBjrqQjhSsF4Tlvi_ldrhu5Uo-0Sh6CcwW5D_MZcnGHmA8Sqcki8X2up-y-UllvHpnpmfqk4aPJds2Ml2pHlje7aIAnGl9Kn-PUlYSju08mwsBdbS-Elb48exZvQ2nHbeYp2aLhUBa1DMKi71u8h4EQJ56O0Fte5TWmkP22H0o2fze', 'width': 3024}]",ChIJjYofIpotDogRfgpYauTYNps,"{'compound_code': 'R8X8+6R Chicago, IL, USA', 'global_code': '86HJR8X8+6R'}",2.0,4.7,ChIJjYofIpotDogRfgpYauTYNps,GOOGLE,"['bar', 'restaurant', 'food', 'point_of_interest', 'establishment']",482.0,"2413 South Oakley Avenue, Chicago"
OPERATIONAL,"{'location': {'lat': 41.83103699999999, 'lng': -87.68539400000002}, 'viewport': {'northeast': {'lat': 41.8324154302915, 'lng': -87.6838816197085}, 'southwest': {'lat': 41.8297174697085, 'lng': -87.68657958029152}}}",https://maps.gstatic.com/mapfiles/place_api/icons/v1/png_71/bar-71.png,#FF9E67,https://maps.gstatic.com/mapfiles/place_api/icons/v2/bar_pinlet,Caza Alebrije Restaurant,{'open_now': True},"[{'height': 1170, 'html_attributions': ['<a href=""https://maps.google.com/maps/contrib/111839096071963162911"">Caza Alebrije Restaurant</a>'], 'photo_reference': 'AW30NDwk8l1lDDvtRhjsu4pOAJDvJ3SeRj6xCwpIa23wTpdzAnJh_T1RsS0jmB62SaHBSXN8vhuBB-QT0hHhAkYaiZGylj-PMPaTKSne2biq87_hDC5XfrK0Pqf-vSubOKcDdfi-P697dgR_wyUTvWI3rtnqgLKW4zvawGDAzc00glU1C-Ur', 'width': 1170}]",ChIJm3qzY-4tDogRlBiFx4dneG8,"{'compound_code': 'R8J7+CR Chicago, IL, USA', 'global_code': '86HJR8J7+CR'}",,4.4,ChIJm3qzY-4tDogRlBiFx4dneG8,GOOGLE,"['bar', 'restaurant', 'food', 'point_of_interest', 'establishment']",126.0,"3434 South Western Avenue, Chicago"
OPERATIONAL,"{'location': {'lat': 41.8202575, 'lng': -87.6948115}, 'viewport': {'northeast': {'lat': 41.82153348029149, 'lng': -87.6934454697085}, 'southwest': {'lat': 41.81883551970849, 'lng': -87.6961434302915}}}",https://maps.gstatic.com/mapfiles/place_api/icons/v1/png_71/restaurant-71.png,#FF9E67,https://maps.gstatic.com/mapfiles/place_api/icons/v2/restaurant_pinlet,Falco's Pizza,{'open_now': True},"[{'height': 4032, 'html_attributions': ['<a href=""https://maps.google.com/maps/contrib/102183504148084662591"">Dave Hardin</a>'], 'photo_reference': 'AW30NDwEBg7NWEAte48OP_9EVAKNdm22w89RGYgetpbSQHW8W3a2j3wp-fnXeJ-ND4Ah0jvXv2xcUPAYLurHeK7hYuaGKHmapfTi8BoJD6RfQMeRe8S1AgDW5CUnJFJ0DFkXNSbtgXCPKue_eUQyRRbHd0PW55YQRqDxv_yG9-olpn4wc_CJ', 'width': 3024}]",ChIJfd-z_P4tDogRV7147ELK0ns,"{'compound_code': 'R8C4+43 Chicago, IL, USA', 'global_code': '86HJR8C4+43'}",2.0,4.3,ChIJfd-z_P4tDogRV7147ELK0ns,GOOGLE,"['restaurant', 'food', 'point_of_interest', 'establishment']",1215.0,"2806 West 40th Place, Chicago"
OPERATIONAL,"{'location': {'lat': 41.85239509999999, 'lng': -87.68530469999999}, 'viewport': {'northeast': {'lat': 41.8536495802915, 'lng': -87.68395856970851}, 'southwest': {'lat': 41.8509516197085, 'lng': -87.68665653029151}}}",https://maps.gstatic.com/mapfiles/place_api/icons/v1/png_71/restaurant-71.png,#FF9E67,https://maps.gstatic.com/mapfiles/place_api/icons/v2/restaurant_pinlet,Subway,{'open_now': True},"[{'height': 3024, 'html_attributions': ['<a href=""https://maps.google.com/maps/contrib/115754246106287874807"">Rep√∫blica Vereliana</a>'], 'photo_reference': 'AW30NDyaSllpC8MYktTl8_zpGAvYV3-8BI5boh_uRfs3kRCjpdmFa45Wu0NS5rm25JF3whtr1SZ-tEH1052IiI-2QI6CQxjg-tAZtwE1XrPA5GDdO67wjNfCvrpm2P243xPzeiz2JkeBsSgASD2Wfcwbi9PFSD5R0mAhucBhV60GlD8CQCqf', 'width': 4032}]",ChIJ93TDe5wtDogRQktQ8Myit6o,"{'compound_code': 'V827+XV Chicago, IL, USA', 'global_code': '86HJV827+XV'}",1.0,3.7,ChIJ93TDe5wtDogRQktQ8Myit6o,GOOGLE,"['meal_takeaway', 'restaurant', 'food', 'point_of_interest', 'establishment']",125.0,"2352 West Cermak Road, Chicago"
OPERATIONAL,"{'location': {'lat': 41.83721380000001, 'lng': -87.66520720000001}, 'viewport': {'northeast': {'lat': 41.8385660802915, 'lng': -87.6639717197085}, 'southwest': {'lat': 41.8358681197085, 'lng': -87.66666968029152}}}",https://maps.gstatic.com/mapfiles/place_api/icons/v1/png_71/restaurant-71.png,#FF9E67,https://maps.gstatic.com/mapfiles/place_api/icons/v2/restaurant_pinlet,Subway,{'open_now': True},"[{'height': 3024, 'html_attributions': ['<a href=""https://maps.google.com/maps/contrib/100555971292347246079"">Riley Lynch</a>'], 'photo_reference': 'AW30NDzlIDFgrTMgR4TmFG0gdI34qUoUanMo-yswNI6ylGrDKp9cETXfaAuK1blAE3jxr145fpNy9Pi8mjdAvI8HvaMaAI76xrRub4Nrcll8gXgCw10DplUQYLKY-oT7lWqFszHhNB9h0D94x4ldYwNpnUjW_mx7OogD4d_xgdTtAzeuLnOO', 'width': 3024}]",ChIJ8zVdtLctDogR_W-GQPV6dPU,"{'compound_code': 'R8PM+VW Chicago, IL, USA', 'global_code': '86HJR8PM+VW'}",1.0,3.8,ChIJ8zVdtLctDogR_W-GQPV6dPU,GOOGLE,"['meal_takeaway', 'restaurant', 'food', 'point_of_interest', 'establishment']",98.0,"3125 South Ashland Avenue Unit 19, Chicago"
OPERATIONAL,"{'location': {'lat': 41.8223811, 'lng': -87.6914431}, 'viewport': {'northeast': {'lat': 41.8236802802915, 'lng': -87.6900387697085}, 'southwest': {'lat': 41.8209823197085, 'lng': -87.6927367302915}}}",https://maps.gstatic.com/mapfiles/place_api/icons/v1/png_71/restaurant-71.png,#FF9E67,https://maps.gstatic.com/mapfiles/place_api/icons/v2/restaurant_pinlet,Subway,{'open_now': True},"[{'height': 3894, 'html_attributions': ['<a href=""https://maps.google.com/maps/contrib/104219005585956166819"">Bhupen Patel</a>'], 'photo_reference': 'AW30NDxyT6x4RfdV5UDf78taEBGdaKXKCHPUMsodwsQNsxnExU04r46zM8jFPxbRoZHiLmLI3X2hhGL8byfuaPDqbmOpap4AigBQ_9qAuXP59wTgHeowoGpiry6HHKFTs96xh6ddQCm7ZX1E0s6lPDcE165ObAZ3EypUWTb7EuV1Fmp6dv35', 'width': 6934}]",ChIJ4YOGd_stDogRlYftkDG2ufU,"{'compound_code': 'R8C5+XC Chicago, IL, USA', 'global_code': '86HJR8C5+XC'}",1.0,4.3,ChIJ4YOGd_stDogRlYftkDG2ufU,GOOGLE,"['meal_takeaway', 'restaurant', 'food', 'point_of_interest', 'establishment']",142.0,"3924 South Archer Avenue Unit C, Chicago"
OPERATIONAL,"{'location': {'lat': 41.8318017, 'lng': -87.6760353}, 'viewport': {'northeast': {'lat': 41.8331391302915, 'lng': -87.67455396970848}, 'southwest': {'lat': 41.8304411697085, 'lng': -87.67725193029149}}}",https://maps.gstatic.com/mapfiles/place_api/icons/v1/png_71/restaurant-71.png,#FF9E67,https://maps.gstatic.com/mapfiles/place_api/icons/v2/restaurant_pinlet,Huck Finn Restaurant,{'open_now': True},"[{'height': 316, 'html_attributions': ['<a href=""https://maps.google.com/maps/contrib/114611974041803631164"">Huck Finn Restaurant</a>'], 'photo_reference': 'AW30NDxZc0tjafdzXm_aeGGpSmWshqogaa3_HnPgRjEfOJd_pG3HiMfGalzewkXXlsGuI0J8EJLFFVXh6mqnTUr1vVOrGztHUNpV5IBZznrevBvQwt35xqDiW04og9DIjiNHG4HGkaZS7QPkXYmi5oifOoBgMsrDr-Mou1gTSShZ4VdIdbbd', 'width': 620}]",ChIJq6p6iMEtDogRmyOp6m83_2k,"{'compound_code': 'R8JF+PH Chicago, IL, USA', 'global_code': '86HJR8JF+PH'}",2.0,4.3,ChIJq6p6iMEtDogRmyOp6m83_2k,GOOGLE,"['restaurant', 'bakery', 'food', 'store', 'point_of_interest', 'establishment']",3036.0,"3414 South Archer Avenue, Chicago"
OPERATIONAL,"{'location': {'lat': 41.8231545, 'lng': -87.69005969999999}, 'viewport': {'northeast': {'lat': 41.8244726302915, 'lng': -87.68877856970848}, 'southwest': {'lat': 41.8217746697085, 'lng': -87.6914765302915}}}",https://maps.gstatic.com/mapfiles/place_api/icons/v1/png_71/restaurant-71.png,#FF9E67,https://maps.gstatic.com/mapfiles/place_api/icons/v2/restaurant_pinlet,Wendy's,{'open_now': True},"[{'height': 1068, 'html_attributions': ['<a href=""https://maps.google.com/maps/contrib/108061276316992683697"">Juan Carlos Salazar</a>'], 'photo_reference': 'AW30NDx3ir6uXHf1tdB3XkEQ5JXjiWveb06kkY6lFE0taj_XpEH9H1ek3Eab_TQiWUZ1nSGUinSAszCJ6hgfTMlz5itkQI-pKF3geLpIjhOpzX8YgH4H-enzByVoit_pNusI0zer9ERy43IQXPV29Z9bxrFmqdWJos6cE_hCY9oDs1fRsVSW', 'width': 1900}]",ChIJLUWadPstDogRUu59JY8pSKM,"{'compound_code': 'R8F5+7X Chicago, IL, USA', 'global_code': '86HJR8F5+7X'}",1.0,3.9,ChIJLUWadPstDogRUu59JY8pSKM,GOOGLE,"['restaurant', 'food', 'point_of_interest', 'establishment']",1458.0,"2610 West Pershing Road, Chicago"
OPERATIONAL,"{'location': {'lat': 41.83242699999999, 'lng': -87.675546}, 'viewport': {'northeast': {'lat': 41.8336682802915, 'lng': -87.67412861970848}, 'southwest': {'lat': 41.83097031970851, 'lng': -87.6768265802915}}}",https://maps.gstatic.com/mapfiles/place_api/icons/v1/png_71/restaurant-71.png,#FF9E67,https://maps.gstatic.com/mapfiles/place_api/icons/v2/restaurant_pinlet,La Palapa,{'open_now': True},"[{'height': 1080, 'html_attributions': ['<a href=""https://maps.google.com/maps/contrib/103902016935634812279"">La Palapa</a>'], 'photo_reference': 'AW30NDwWaR94wnnE_CYuZh-TN5kTivbC2lvzy98jlNgHIkBeuJROtRfiGjRPY4zNNSkhbkcWSjncmpwjZg-B8U-5EKTDjKXF8yw4j-sHbuQnmf9xGzI-EHcdpYuBABETGy0OYZKsEYbHSSuld9ed-aBgB91VyJGSLWmRkkpCnR8fkDoAdV_F', 'width': 1081}]",ChIJefHhnMEtDogRbCwCSw98atg,"{'compound_code': 'R8JF+XQ Chicago, IL, USA', 'global_code': '86HJR8JF+XQ'}",2.0,4.0,ChIJefHhnMEtDogRbCwCSw98atg,GOOGLE,"['bar', 'restaurant', 'food', 'point_of_interest', 'establishment']",1547.0,"2000 West 34th Street, Chicago"
OPERATIONAL,"{'location': {'lat': 41.83531099999999, 'lng': -87.6660153}, 'viewport': {'northeast': {'lat': 41.83671528029149, 'lng': -87.6645330697085}, 'southwest': {'lat': 41.83401731970849, 'lng': -87.66723103029152}}}",https://maps.gstatic.com/mapfiles/place_api/icons/v1/png_71/restaurant-71.png,#FF9E67,https://maps.gstatic.com/mapfiles/place_api/icons/v2/restaurant_pinlet,Popeyes Louisiana Kitchen,{'open_now': True},"[{'height': 827, 'html_attributions': ['<a href=""https://maps.google.com/maps/contrib/110265833208634784840"">Deb Mojumder</a>'], 'photo_reference': 'AW30NDwEuEQebtICzMzEF3632BotXN95fxegsKMRk5Zfol8SO7lAhBVyga1S2_95MRr0S3uSJhN0bPQX6pjE_KhmvSNV5Y7p4J6j_1D2qSRbZYNhhJarWphl6TwZhQwTsOTXspmMFGYfQe-qwU3yliLJbqbgrgaOUDCq_C7oS5IvCZV3gdx3', 'width': 1131}]",ChIJVTqTN8gtDogRd7DTSbCeICM,"{'compound_code': 'R8PM+4H Chicago, IL, USA', 'global_code': '86HJR8PM+4H'}",1.0,3.9,ChIJVTqTN8gtDogRd7DTSbCeICM,GOOGLE,"['restaurant', 'food', 'point_of_interest', 'establishment']",1592.0,"3204 South Ashland Avenue, Chicago"
OPERATIONAL,"{'location': {'lat': 41.8464137, 'lng': -87.6851921}, 'viewport': {'northeast': {'lat': 41.8478497302915, 'lng': -87.6839083197085}, 'southwest': {'lat': 41.8451517697085, 'lng': -87.6866062802915}}}",https://maps.gstatic.com/mapfiles/place_api/icons/v1/png_71/restaurant-71.png,#FF9E67,https://maps.gstatic.com/mapfiles/place_api/icons/v2/restaurant_pinlet,La Pulqueria ( Pilsen ),{'open_now': False},"[{'height': 2268, 'html_attributions': ['<a href=""https://maps.google.com/maps/contrib/102316069659415641042"">La Pulqueria ( Pilsen )</a>'], 'photo_reference': 'AW30NDwBqzIYSMCSU-DsbFrYW6_5j7bp_iC_nKNBUT3tZmiwqia_jGXzuz94c_WjKdyjIANukFNBx2wuWwn-XIQgwkR_jFwe-FNJVKnB3ql_ZzdrkZsX_MXAX3bWImm1hzdYID-Kk-w7egyq4L7DL-JViteWsJ8LVqVQLjYlERiDN28haJHz', 'width': 4032}]",ChIJ24T5DWU0DogRFEgyHIEyokI,"{'compound_code': 'R8W7+HW Chicago, IL, USA', 'global_code': '86HJR8W7+HW'}",,3.8,ChIJ24T5DWU0DogRFEgyHIEyokI,GOOGLE,"['restaurant', 'bar', 'food', 'point_of_interest', 'establishment']",511.0,"2501 South Western Avenue, Chicago"
OPERATIONAL,"{'location': {'lat': 41.8302018, 'lng': -87.6658739}, 'viewport': {'northeast': {'lat': 41.8315530302915, 'lng': -87.6644053197085}, 'southwest': {'lat': 41.8288550697085, 'lng': -87.66710328029151}}}",https://maps.gstatic.com/mapfiles/place_api/icons/v1/png_71/gas_station-71.png,#909CE1,https://maps.gstatic.com/mapfiles/place_api/icons/v2/gas_pinlet,Shell,{'open_now': True},"[{'height': 3000, 'html_attributions': ['<a href=""https://maps.google.com/maps/contrib/103431961851986136663"">Maru Chan</a>'], 'photo_reference': 'AW30NDxxTl4427KFElY7JfTfTtY9NJ0wJaMyJbYsTfUItlIfONkLFB0SdEa32bNCWos6saTRz81hcqxo162FZ2cepkX3nSkJd7m6qDuDBZ3nvH4_vJ-DLcMeeYNXnxKFjBRMQRuHFcDGteejeBMZIYkEwcxcKkjzOmFKdkSV8anqlM-kfLHK', 'width': 4000}]",ChIJu78UIs8tDogRdqvIJNK5NzU,"{'compound_code': 'R8JM+3M Chicago, IL, USA', 'global_code': '86HJR8JM+3M'}",2.0,3.3,ChIJu78UIs8tDogRdqvIJNK5NzU,GOOGLE,"['gas_station', 'convenience_store', 'atm', 'restaurant', 'food', 'store', 'finance', 'point_of_interest', 'establishment']",11.0,"3510 South Ashland Avenue, Chicago"
OPERATIONAL,"{'location': {'lat': 41.8477318, 'lng': -87.6783509}, 'viewport': {'northeast': {'lat': 41.8490881302915, 'lng': -87.67691341970848}, 'southwest': {'lat': 41.8463901697085, 'lng': -87.6796113802915}}}",https://maps.gstatic.com/mapfiles/place_api/icons/v1/png_71/restaurant-71.png,#FF9E67,https://maps.gstatic.com/mapfiles/place_api/icons/v2/restaurant_pinlet,El Pollo Chris Chris,{'open_now': False},"[{'height': 945, 'html_attributions': ['<a href=""https://maps.google.com/maps/contrib/100950471628327623742"">El Pollo Chris Chris</a>'], 'photo_reference': 'AW30NDwLHXWOKqH5I1HSDu0ut8tOXO8SsCxqu916CBec4ERtdo_oXYvmL3gD60StszxMZr4dmQ4m-o3ZESYLquxmeqBIXhHQvMooMW40v_pnxBvX0MnAJNLyT8xNRVsl516D4luull5UTE1di-QWHAfyrNPIacoAXaqV3QHiCNjGj4i_H_vG', 'width': 1106}]",ChIJUQavDZgtDogRiemOYk3e8G0,"{'compound_code': 'R8XC+3M Chicago, IL, USA', 'global_code': '86HJR8XC+3M'}",1.0,4.4,ChIJUQavDZgtDogRiemOYk3e8G0,GOOGLE,"['restaurant', 'food', 'point_of_interest', 'establishment']",387.0,"2462 South Blue Island Avenue, Chicago"
OPERATIONAL,"{'location': {'lat': 41.8478143, 'lng': -87.6828136}, 'viewport': {'northeast': {'lat': 41.8491648802915, 'lng': -87.6815879197085}, 'southwest': {'lat': 41.8464669197085, 'lng': -87.68428588029151}}}",https://maps.gstatic.com/mapfiles/place_api/icons/v1/png_71/restaurant-71.png,#FF9E67,https://maps.gstatic.com/mapfiles/place_api/icons/v2/restaurant_pinlet,Ignotz's Ristorante,{'open_now': False},"[{'height': 1000, 'html_attributions': ['<a href=""https://maps.google.com/maps/contrib/101266172628220173955"">Ignotz&#39;s Ristorante</a>'], 'photo_reference': 'AW30NDzsI3zYjiJ_RZ6qGvQCG0x99qHqzYy_yyPeTouRjmLouz1ZeGLupa46tuvH_qX5hbWGKyJ13bfFO5ZO4C-5Yy48gZ4jJTMw4CaigkExo8wyG3wz6PoFBrHvtWq4x6a8E_WeCOmKIT_D2EacGn5TbIGtvmMaamohxQW9hB4EkReTxp0', 'width': 750}]",ChIJj5x_9ZktDogRQoOgKJq4B6g,"{'compound_code': 'R8X8+4V Chicago, IL, USA', 'global_code': '86HJR8X8+4V'}",2.0,4.8,ChIJj5x_9ZktDogRQoOgKJq4B6g,GOOGLE,"['restaurant', 'food', 'point_of_interest', 'establishment']",702.0,"2421 South Oakley Avenue, Chicago"
OPERATIONAL,"{'location': {'lat': 41.8507291, 'lng': -87.6890492}, 'viewport': {'northeast': {'lat': 41.8521911302915, 'lng': -87.6880192697085}, 'southwest': {'lat': 41.8494931697085, 'lng': -87.69071723029151}}}",https://maps.gstatic.com/mapfiles/place_api/icons/v1/png_71/restaurant-71.png,#FF9E67,https://maps.gstatic.com/mapfiles/place_api/icons/v2/restaurant_pinlet,Great Buffet,{'open_now': True},"[{'height': 3024, 'html_attributions': ['<a href=""https://maps.google.com/maps/contrib/103794287481984610551"">Harold Cabrales Lara</a>'], 'photo_reference': 'AW30NDylRCGcpC98c_ddQt1u5RHsti8vh6RgmwF-PdrX7hPHelhDpmaHSymK1gPmCOP6dEiP-tafErcVvzmyVUOxKFq0W8iy8RBdE5j9_2T1Q0WjIwbQ7maWIFpL4f75WbonszHD9VwRnCgiSpmhDWlruDnDh70BE6xqi53Z3eHBCjyafURL', 'width': 4032}]",ChIJcdGoWYMtDogR__zn7Q0lojE,"{'compound_code': 'V826+79 Chicago, IL, USA', 'global_code': '86HJV826+79'}",1.0,3.3,ChIJcdGoWYMtDogR__zn7Q0lojE,GOOGLE,"['restaurant', 'food', 'point_of_interest', 'establishment']",582.0,"2531 West Cermak Road, Chicago"
OPERATIONAL,"{'location': {'lat': 41.84901639999999, 'lng': -87.6736865}, 'viewport': {'northeast': {'lat': 41.8504620302915, 'lng': -87.67214321970849}, 'southwest': {'lat': 41.8477640697085, 'lng': -87.6748411802915}}}",https://maps.gstatic.com/mapfiles/place_api/icons/v1/png_71/restaurant-71.png,#FF9E67,https://maps.gstatic.com/mapfiles/place_api/icons/v2/restaurant_pinlet,Golden Ocean Seafood,{'open_now': False},"[{'height': 3024, 'html_attributions': ['<a href=""https://maps.google.com/maps/contrib/109621953688117283031"">Roman Zimo</a>'], 'photo_reference': 'AW30NDwMGqHvsVBsGeYDhQwDgJnjHiwx4N2aJ6Yc_W-mJBWWYgUicz77yxom2xux6Qa-9WL8HVBnsNHPuMAcPSPD14DWahxLXF5A8yLptoqeymZOni1pl6xh1GFGoAcjtwnMMsJpHYaJo-dKyMwo2oYq7Po5WOdqLi5353y_b-ks2fsyTl5l', 'width': 4032}]",ChIJqyiEXqQtDogRJDu3EWsswBg,"{'compound_code': 'R8XG+JG Chicago, IL, USA', 'global_code': '86HJR8XG+JG'}",,4.2,ChIJqyiEXqQtDogRJDu3EWsswBg,GOOGLE,"['restaurant', 'food', 'point_of_interest', 'establishment']",13.0,"2355 South Blue Island Avenue, Chicago"
OPERATIONAL,"{'location': {'lat': 41.84881410000001, 'lng': -87.6755341}, 'viewport': {'northeast': {'lat': 41.8501398302915, 'lng': -87.67428776970849}, 'southwest': {'lat': 41.8474418697085, 'lng': -87.6769857302915}}}",https://maps.gstatic.com/mapfiles/place_api/icons/v1/png_71/restaurant-71.png,#FF9E67,https://maps.gstatic.com/mapfiles/place_api/icons/v2/restaurant_pinlet,Raymond's Tacos No. 2,{'open_now': True},"[{'height': 5312, 'html_attributions': ['<a href=""https://maps.google.com/maps/contrib/112978026972714006198"">Raymond&#39;s Tacos No. 2</a>'], 'photo_reference': 'AW30NDx0rZcJ2rdV1azaot9gjQPLCbq7B-l0zKJDjU135b0b3mxisgpgedGgyDB7-nvQEayUWxsWm3uBkXW4GEWiHGEj_rtUDP9QHZt0vXoP2HRMk5bslVOmUAVfc86RG0pKaWrmzJj5FIA-Xz38qCqpxFu531Day0yefj14MbHnwcrcWTGu', 'width': 2988}]",ChIJ9aWY_qItDogRLqjZrUg1-kc,"{'compound_code': 'R8XF+GQ Chicago, IL, USA', 'global_code': '86HJR8XF+GQ'}",1.0,4.5,ChIJ9aWY_qItDogRLqjZrUg1-kc,GOOGLE,"['restaurant', 'food', 'point_of_interest', 'establishment']",3025.0,"2406 South Blue Island Avenue, Chicago"
OPERATIONAL,"{'location': {'lat': 41.8245684, 'lng': -87.7042622}, 'viewport': {'northeast': {'lat': 41.8258372802915, 'lng': -87.7029333197085}, 'southwest': {'lat': 41.8231393197085, 'lng': -87.70563128029151}}}",https://maps.gstatic.com/mapfiles/place_api/icons/v1/png_71/restaurant-71.png,#FF9E67,https://maps.gstatic.com/mapfiles/place_api/icons/v2/restaurant_pinlet,Taqueria Los 7 Hermanos,{'open_now': True},"[{'height': 2250, 'html_attributions': ['<a href=""https://maps.google.com/maps/contrib/115295837426833569954"">Patrick Cameron</a>'], 'photo_reference': 'AW30NDydljlWBIW7_BnX69LQZCC_LSJeVe7ba2CL7qBnuUt5tGMdovNB07rG5efKU0CUU4NR7FTmYIyltvKVWSlW13hUYBLmCIwr0eC6_uOEXjQbbvAc2xYQmZTZcQ0KqDP2xOvLaUYyBUFoH5cY6H498c520XbbkNfXEWN-FqWZo7COMvFW', 'width': 4000}]",ChIJx4azTQQyDogRQaEaFQRKyB8,"{'compound_code': 'R7FW+R7 Chicago, IL, USA', 'global_code': '86HJR7FW+R7'}",1.0,4.5,ChIJx4azTQQyDogRQaEaFQRKyB8,GOOGLE,"['restaurant', 'food', 'point_of_interest', 'establishment']",272.0,"3755 South Kedzie Avenue, Chicago"
OPERATIONAL,"{'location': {'lat': 41.8183983, 'lng': -87.6967346}, 'viewport': {'northeast': {'lat': 41.8198242302915, 'lng': -87.6955073697085}, 'southwest': {'lat': 41.8171262697085, 'lng': -87.69820533029151}}}",https://maps.gstatic.com/mapfiles/place_api/icons/v1/png_71/restaurant-71.png,#FF9E67,https://maps.gstatic.com/mapfiles/place_api/icons/v2/restaurant_pinlet,D'Nuez,{'open_now': True},"[{'height': 4000, 'html_attributions': ['<a href=""https://maps.google.com/maps/contrib/104053353526082207914"">D&#39;Nuez</a>'], 'photo_reference': 'AW30NDzXhazt69x_oP3oDL1iT9t2MV_Gpzcv7QGiAqYCzNmK1s3q3HCanFBpXXxpB3-J2jF8ehWB0neCL76gtiJYEr7M_m4Fsn-jrPPZXSW4oN8MrVrRRX0wlLOTvHclP1MbjxqNiKm_XO8m8mAHifM3JkObrUJnklNZh907WTOr6Bbrqv_O', 'width': 6000}]",ChIJT8Iak_8tDogRaLHBn_ysQGU,"{'compound_code': 'R893+98 Chicago, IL, USA', 'global_code': '86HJR893+98'}",2.0,3.9,ChIJT8Iak_8tDogRaLHBn_ysQGU,GOOGLE,"['restaurant', 'food', 'point_of_interest', 'establishment']",839.0,"4125 South Archer Avenue, Chicago"
OPERATIONAL,"{'location': {'lat': 41.8233705, 'lng': -87.6886117}, 'viewport': {'northeast': {'lat': 41.8248037802915, 'lng': -87.68712141970849}, 'southwest': {'lat': 41.8221058197085, 'lng': -87.68981938029151}}}",https://maps.gstatic.com/mapfiles/place_api/icons/v1/png_71/restaurant-71.png,#FF9E67,https://maps.gstatic.com/mapfiles/place_api/icons/v2/restaurant_pinlet,McDonald's,{'open_now': True},"[{'height': 3000, 'html_attributions': ['<a href=""https://maps.google.com/maps/contrib/118250714234542194518"">Andrew KPro</a>'], 'photo_reference': 'AW30NDy3b966iw8XHoq4Psj0_7tcvOlvaVoCrD_JPMOGDR4AU3e33h1HUq9XYLqxHr56Nqei3whMg66wEhCZAtrLvf9YRvNSAj6X12xAh4NpFqFWX_9vytA-eDVoEZgcdN1Mb_GXHj1tq2IR0cg3t8DpCqEoaIqKOhCRIxv0qu8TgB97JrBX', 'width': 4000}]",ChIJFRe8FPstDogRDmWvccThc-U,"{'compound_code': 'R8F6+8H Chicago, IL, USA', 'global_code': '86HJR8F6+8H'}",1.0,3.7,ChIJFRe8FPstDogRDmWvccThc-U,GOOGLE,"['cafe', 'restaurant', 'food', 'store', 'point_of_interest', 'establishment']",2056.0,"3867 South Archer Avenue, Chicago"
OPERATIONAL,"{'location': {'lat': 41.847405, 'lng': -87.6852447}, 'viewport': {'northeast': {'lat': 41.8488039802915, 'lng': -87.68386701970849}, 'southwest': {'lat': 41.8461060197085, 'lng': -87.6865649802915}}}",https://maps.gstatic.com/mapfiles/place_api/icons/v1/png_71/restaurant-71.png,#FF9E67,https://maps.gstatic.com/mapfiles/place_api/icons/v2/restaurant_pinlet,Il Vicinato Ristorante,{'open_now': False},"[{'height': 750, 'html_attributions': ['<a href=""https://maps.google.com/maps/contrib/105707150964246689136"">Il Vicinato Ristorante</a>'], 'photo_reference': 'AW30NDxA2_My-FdxBABUYmRpfYuTK7XVSUzP0mDJWnmJLMxjKjSYdhjJj2OBpaVMWe9iz7YTKHSKllXSNdub-yYgm_0-NGAu6BzkWKrjMjzdBOxbgLnHae83Kon87nzaxVtuZW0RRYIkqanwa6gQi5-Bq1XErd4aF5ROjWSm917ZMR9PelLw', 'width': 1000}]",ChIJb-OoYpotDogRCYBMULqWavQ,"{'compound_code': 'R8W7+XW Chicago, IL, USA', 'global_code': '86HJR8W7+XW'}",2.0,4.6,ChIJb-OoYpotDogRCYBMULqWavQ,GOOGLE,"['restaurant', 'food', 'point_of_interest', 'establishment']",406.0,"2435 South Western Avenue, Chicago"
OPERATIONAL,"{'location': {'lat': 41.8443492, 'lng': -87.704167}, 'viewport': {'northeast': {'lat': 41.8457848802915, 'lng': -87.70281311970851}, 'southwest': {'lat': 41.8430869197085, 'lng': -87.70551108029152}}}",https://maps.gstatic.com/mapfiles/place_api/icons/v1/png_71/restaurant-71.png,#FF9E67,https://maps.gstatic.com/mapfiles/place_api/icons/v2/restaurant_pinlet,Taqueria Los Comales Little Village,{'open_now': True},"[{'height': 2136, 'html_attributions': ['<a href=""https://maps.google.com/maps/contrib/105323961496642675637"">Taqueria Los Comales Little Village</a>'], 'photo_reference': 'AW30NDycsWPuf4CNu2_cN9iv6pZv5-BOVsY1IEsO_Q3ZE5B188Lb48rDu-y8HG7P5czgKYNWmMhtWlReJiomVGu2PlbIwv1BHO-V9lc6rUzSayz2o568nhOLriWyyD6s7z-1GM9wySz0WejMZ0_-1QW376feEBG_s9LLWJ5sI1SE2aplH1-I', 'width': 2848}]",ChIJh4UdEXEyDogRy_WLY_Bdlpk,"{'compound_code': 'R7VW+P8 Chicago, IL, USA', 'global_code': '86HJR7VW+P8'}",1.0,3.9,ChIJh4UdEXEyDogRy_WLY_Bdlpk,GOOGLE,"['restaurant', 'food', 'point_of_interest', 'establishment']",2285.0,"3141 West 26th Street, Chicago"
OPERATIONAL,"{'location': {'lat': 41.8307338, 'lng': -87.67747109999999}, 'viewport': {'northeast': {'lat': 41.83203583029151, 'lng': -87.6760618197085}, 'southwest': {'lat': 41.82933786970851, 'lng': -87.6787597802915}}}",https://maps.gstatic.com/mapfiles/place_api/icons/v1/png_71/restaurant-71.png,#FF9E67,https://maps.gstatic.com/mapfiles/place_api/icons/v2/restaurant_pinlet,New Archview Restaurant,{'open_now': True},"[{'height': 3264, 'html_attributions': ['<a href=""https://maps.google.com/maps/contrib/112191400593036504334"">American Marketing &amp; Publishing</a>'], 'photo_reference': 'AW30NDw_DhoFwGUR6WW0Osn1Ft7i2_dNbHng6opFgZIMDqBBzCs1bDu71cfQdEs0uiNwLImgTu-MkjMjULnaszAQrlLvycmZYN4CL_YqANOtjyHm_PdosJUrdbh6FiJR9KSdf-uDeyqIKbMz4RbSK_I-75SfLKq2ViujEPwGXUTp42k078hW', 'width': 4928}]",ChIJ0QyjDsItDogRuAXv4jW836E,"{'compound_code': 'R8JF+72 Chicago, IL, USA', 'global_code': '86HJR8JF+72'}",1.0,4.2,ChIJ0QyjDsItDogRuAXv4jW836E,GOOGLE,"['restaurant', 'food', 'point_of_interest', 'establishment']",1121.0,"3480 South Archer Avenue, Chicago"
OPERATIONAL,"{'location': {'lat': 41.84472220000001, 'lng': -87.70277779999999}, 'viewport': {'northeast': {'lat': 41.84604808029151, 'lng': -87.7013291197085}, 'southwest': {'lat': 41.84335011970851, 'lng': -87.70402708029151}}}",https://maps.gstatic.com/mapfiles/place_api/icons/v1/png_71/restaurant-71.png,#FF9E67,https://maps.gstatic.com/mapfiles/place_api/icons/v2/restaurant_pinlet,Pollo Feliz,{'open_now': True},"[{'height': 500, 'html_attributions': ['<a href=""https://maps.google.com/maps/contrib/105330970333756634387"">Pollo Feliz</a>'], 'photo_reference': 'AW30NDwKNKpStG0CyUYboqVkMVMVDRiG9pdpsDjceO9_uVMsItOISkND4zrAQzWD8VuxSUtRc2P2K3OXmRoGW2H5D_cRYuDp4rAUU88kSPlk2Edj4rzs45s9F5egdd1vH7w5xsWWt1DZPSF9HSJrSYyKDLM6Guj8RbagC6cbY4uwzFHfKChX', 'width': 752}]",ChIJUfUzJ3EyDogR-G5bkwVsKzQ,"{'compound_code': 'R7VW+VV Chicago, IL, USA', 'global_code': '86HJR7VW+VV'}",2.0,4.0,ChIJUfUzJ3EyDogR-G5bkwVsKzQ,GOOGLE,"['restaurant', 'food', 'point_of_interest', 'establishment']",539.0,"3120 West 26th Street, Chicago"
OPERATIONAL,"{'location': {'lat': 41.852327, 'lng': -87.6874369}, 'viewport': {'northeast': {'lat': 41.8536744802915, 'lng': -87.6859896197085}, 'southwest': {'lat': 41.8509765197085, 'lng': -87.6886875802915}}}",https://maps.gstatic.com/mapfiles/place_api/icons/v1/png_71/restaurant-71.png,#FF9E67,https://maps.gstatic.com/mapfiles/place_api/icons/v2/restaurant_pinlet,McDonald's,{'open_now': True},"[{'height': 4032, 'html_attributions': ['<a href=""https://maps.google.com/maps/contrib/112959519123971636724"">Amalia</a>'], 'photo_reference': 'AW30NDy8z1zei_DMTzlx3V6ylsSovDK4hScHylSAc2fIdRsxmCljf9NaHn4X_PA8yMT1gLMNgtjwC9CaTgSWX8S0T6qxIqQxds_xCDnbvHLdSpVD8irmKxwZLhpktsFZW5mMhP5HHn3hLas7WjiM2DTLGqzKNTOxrRzGKwG7bNbCuv53t5U-', 'width': 3024}]",ChIJU0OAq5wtDogRe-DHpbhTo6s,"{'compound_code': 'V827+W2 Chicago, IL, USA', 'global_code': '86HJV827+W2'}",1.0,3.5,ChIJU0OAq5wtDogRe-DHpbhTo6s,GOOGLE,"['cafe', 'restaurant', 'food', 'store', 'point_of_interest', 'establishment']",2083.0,"2438 West Cermak Road, Chicago"
OPERATIONAL,"{'location': {'lat': 41.82675020000001, 'lng': -87.6840883}, 'viewport': {'northeast': {'lat': 41.82815728029149, 'lng': -87.68262311970851}, 'southwest': {'lat': 41.82545931970849, 'lng': -87.68532108029152}}}",https://maps.gstatic.com/mapfiles/place_api/icons/v1/png_71/restaurant-71.png,#FF9E67,https://maps.gstatic.com/mapfiles/place_api/icons/v2/restaurant_pinlet,KFC,{'open_now': True},"[{'height': 300, 'html_attributions': ['<a href=""https://maps.google.com/maps/contrib/116362217724850023967"">Aubrey Alexander</a>'], 'photo_reference': 'AW30NDzJGrCPsI7c17LlRkxWBrJqccyI1VZpVmMw65dRnIsjEDLrRaBO22VFZrpufV3cfdtikH04BPiS3jWViyAIsQZtJZ4A9VQxnu5ccJa42ZWHTSks-JFcTWl6A2Fh7DlGOcyt7k3A9UOo_htcYNkr-oyUQjM6ZNToAKYQouz7JjeTzNFK', 'width': 500}]",ChIJtwNQ9eUtDogRcGeQzjsIBoY,"{'compound_code': 'R8G8+P9 Chicago, IL, USA', 'global_code': '86HJR8G8+P9'}",1.0,3.5,ChIJtwNQ9eUtDogRcGeQzjsIBoY,GOOGLE,"['restaurant', 'food', 'point_of_interest', 'establishment']",541.0,"3696 South Archer Avenue, Chicago"
OPERATIONAL,"{'location': {'lat': 41.8249, 'lng': -87.68522999999999}, 'viewport': {'northeast': {'lat': 41.8261150802915, 'lng': -87.68381626970849}, 'southwest': {'lat': 41.8234171197085, 'lng': -87.6865142302915}}}",https://maps.gstatic.com/mapfiles/place_api/icons/v1/png_71/cafe-71.png,#FF9E67,https://maps.gstatic.com/mapfiles/place_api/icons/v2/cafe_pinlet,Starbucks,{'open_now': True},"[{'height': 2268, 'html_attributions': ['<a href=""https://maps.google.com/maps/contrib/107624723505257918443"">Enrique Leon</a>'], 'photo_reference': 'AW30NDxwINVmVg-CWcQT_j3peRspXxB-ieuywwbt8-5KYjZoGq5SDfsYkhS4R5nbWrzdifqWKnaIhmHWVOo21e_oPS4hRxHHEzunIlu0PHcdzO_y_prM_OwCJm9FLuEgEWxJAOCNPqv3meIN55zYCvLNhx32cD1wH-hWlM1NV9Q8x-H6bZyi', 'width': 4032}]",ChIJ0fsZ4cktDogR_WQx5aBJWro,"{'compound_code': 'R8F7+XW Chicago, IL, USA', 'global_code': '86HJR8F7+XW'}",2.0,2.9,ChIJ0fsZ4cktDogR_WQx5aBJWro,GOOGLE,"['cafe', 'restaurant', 'food', 'store', 'point_of_interest', 'establishment']",34.0,"3800 South Western Avenue, Chicago"
OPERATIONAL,"{'location': {'lat': 41.8259738, 'lng': -87.6856774}, 'viewport': {'northeast': {'lat': 41.8272430302915, 'lng': -87.6842504197085}, 'southwest': {'lat': 41.8245450697085, 'lng': -87.68694838029151}}}",https://maps.gstatic.com/mapfiles/place_api/icons/v1/png_71/restaurant-71.png,#FF9E67,https://maps.gstatic.com/mapfiles/place_api/icons/v2/restaurant_pinlet,Burger King,{'open_now': True},"[{'height': 1044, 'html_attributions': ['<a href=""https://maps.google.com/maps/contrib/118058539442769757941"">Burger Lord Mark</a>'], 'photo_reference': 'AW30NDwwEbnPMuffyFiiU-IT6eoTCSU7ho1jYYV3_PtGba2v_jW4gtYsPVNQEYq35DHEa5eL9-6_PMjg_pB2fHNn9zsjwc5eBCNyyR6MGz_2Dpc_x80l6-Fe-h2DMphfs7u_-I3MX0nRMmnWnS6GvHsjyKXgsJqGtxCTi4AHbds8eJmZSbqw', 'width': 1920}]",ChIJ-T1DnuUtDogRtuF6Sx0ck9g,"{'compound_code': 'R8G7+9P Chicago, IL, USA', 'global_code': '86HJR8G7+9P'}",1.0,3.8,ChIJ-T1DnuUtDogRtuF6Sx0ck9g,GOOGLE,"['restaurant', 'food', 'point_of_interest', 'establishment']",851.0,"3728 South Archer Avenue, Chicago"
OPERATIONAL,"{'location': {'lat': 41.835144, 'lng': -87.6652374}, 'viewport': {'northeast': {'lat': 41.8364821302915, 'lng': -87.6639873697085}, 'southwest': {'lat': 41.8337841697085, 'lng': -87.66668533029151}}}",https://maps.gstatic.com/mapfiles/place_api/icons/v1/png_71/restaurant-71.png,#FF9E67,https://maps.gstatic.com/mapfiles/place_api/icons/v2/restaurant_pinlet,White Castle,{'open_now': True},"[{'height': 3051, 'html_attributions': ['<a href=""https://maps.google.com/maps/contrib/103628527896822949611"">Stephen Brewer</a>'], 'photo_reference': 'AW30NDyS5rxdUQ1gsh9844x66oQ-zKPLVILZ8LsdL5L0pNsdMTc2sx8BsViyd7NCIIslchORGJeXD7kp9NrA6qeUameU_gG1B6C8OoaadbdGmXYq7aJmj-zLthgoFNyP14QUR4AlxgpocUDxqX1RBqGi7Pz6oTrHZMzjI_i2SPxUWLTlkaO8', 'width': 3120}]",ChIJESF-MsgtDogRVDjUP4eYVPE,"{'compound_code': 'R8PM+3W Chicago, IL, USA', 'global_code': '86HJR8PM+3W'}",1.0,3.9,ChIJESF-MsgtDogRVDjUP4eYVPE,GOOGLE,"['restaurant', 'food', 'point_of_interest', 'establishment']",1367.0,"3205 South Ashland Avenue, Chicago"
OPERATIONAL,"{'location': {'lat': 41.83687580000001, 'lng': -87.665188}, 'viewport': {'northeast': {'lat': 41.83826423029151, 'lng': -87.66395256970848}, 'southwest': {'lat': 41.83556626970851, 'lng': -87.66665053029149}}}",https://maps.gstatic.com/mapfiles/place_api/icons/v1/png_71/restaurant-71.png,#FF9E67,https://maps.gstatic.com/mapfiles/place_api/icons/v2/restaurant_pinlet,Burger King,{'open_now': True},"[{'height': 3036, 'html_attributions': ['<a href=""https://maps.google.com/maps/contrib/106230100400416253919"">Dawid Swierczek</a>'], 'photo_reference': 'AW30NDyXHa1tD3M2RyOzsKCjTbMfI9W5iYcyXZzh4QYr7qrD7ym2u8ji6l1bh1DarWNVQhopNJWZjOADIxq_CEC7zSaWMiCN48whFMpXUYyd8xSFiCArJ_skBOi0XUKSfwFeWWtcbzVUPYUcZ8DdpFcDKw0iaOaU8ns-u9lm_CH8MwlbMRXy', 'width': 4048}]",ChIJm_DLLbYtDogRi9OqJITjkdM,"{'compound_code': 'R8PM+QW Chicago, IL, USA', 'global_code': '86HJR8PM+QW'}",1.0,3.5,ChIJm_DLLbYtDogRi9OqJITjkdM,GOOGLE,"['restaurant', 'food', 'point_of_interest', 'establishment']",840.0,"3141 Ashland Avenue, Chicago"
OPERATIONAL,"{'location': {'lat': 41.83625199999999, 'lng': -87.66546799999999}, 'viewport': {'northeast': {'lat': 41.84021294999999, 'lng': -87.6625509}, 'southwest': {'lat': 41.83223515000002, 'lng': -87.66670090000001}}}",https://maps.gstatic.com/mapfiles/place_api/icons/v1/png_71/shopping-71.png,#4B96F3,https://maps.gstatic.com/mapfiles/place_api/icons/v2/shopping_pinlet,Riverside Square & River's Edge,{'open_now': True},"[{'height': 680, 'html_attributions': ['<a href=""https://maps.google.com/maps/contrib/117931819453345530591"">Riverside Square &amp; River&#39;s Edge</a>'], 'photo_reference': 'AW30NDwAK3JHyafQixS7kErqwq43gOOGLL3HXM8jVLk80NYZM8vXsJS0oKEzoyGebDEu-SjkfKZYq5eTQW_Q0kdBora9IJb7tDWECP9sxGZnbLEhBUWO20tovH_iGcCWX0s2TQQjb8fG1npSENBR-9p6qYDoZi3tYhWwaoA7x-Uj8MmFNKUN', 'width': 1200}]",ChIJKTCjtbctDogRI9LTzlsq9wc,"{'compound_code': 'R8PM+GR Chicago, IL, USA', 'global_code': '86HJR8PM+GR'}",,4.3,ChIJKTCjtbctDogRI9LTzlsq9wc,GOOGLE,"['shopping_mall', 'grocery_or_supermarket', 'restaurant', 'food', 'store', 'point_of_interest', 'establishment']",3183.0,"3145 South Ashland Avenue, Chicago"
OPERATIONAL,"{'location': {'lat': 41.8222183, 'lng': -87.7040827}, 'viewport': {'northeast': {'lat': 41.8235400302915, 'lng': -87.70277056970849}, 'southwest': {'lat': 41.8208420697085, 'lng': -87.7054685302915}}}",https://maps.gstatic.com/mapfiles/place_api/icons/v1/png_71/restaurant-71.png,#FF9E67,https://maps.gstatic.com/mapfiles/place_api/icons/v2/restaurant_pinlet,Reyes Grill,{'open_now': True},"[{'height': 960, 'html_attributions': ['<a href=""https://maps.google.com/maps/contrib/117011262633919112686"">Reyes Grill</a>'], 'photo_reference': 'AW30NDyMJWSGjVEIF1zS1VIJeXh1f4ckIKXQ-8VtjXTjNwtKG38TsDyoO5VTes3moLspmdSevexxHBP6jT3DG-85CTujB21CU12mEs0DB1to_kWoKvLs-8u0iPgB98TzeCkeGYtm9wBw-iqr54B6M37LBlXrhBQpnbVxjyhhQ-3cGx7R4ylS', 'width': 720}]",ChIJ-WWUiQMyDogRp5Jwwmk6jas,"{'compound_code': 'R7CW+V9 Chicago, IL, USA', 'global_code': '86HJR7CW+V9'}",1.0,4.5,ChIJ-WWUiQMyDogRp5Jwwmk6jas,GOOGLE,"['restaurant', 'food', 'point_of_interest', 'establishment']",110.0,"3903 South Kedzie Avenue, Chicago"
OPERATIONAL,"{'location': {'lat': 41.85195880000001, 'lng': -87.6777347}, 'viewport': {'northeast': {'lat': 41.8534024302915, 'lng': -87.6763992197085}, 'southwest': {'lat': 41.8507044697085, 'lng': -87.6790971802915}}}",https://maps.gstatic.com/mapfiles/place_api/icons/v1/png_71/restaurant-71.png,#FF9E67,https://maps.gstatic.com/mapfiles/place_api/icons/v2/restaurant_pinlet,Carnitas La Michoacana,{'open_now': False},"[{'height': 1080, 'html_attributions': ['<a href=""https://maps.google.com/maps/contrib/114221706379597602271"">Carlos G.</a>'], 'photo_reference': 'AW30NDxyPCnGEk-lok2bi1QIRypR9YzjjmfmHCttuEwNubikl8chdUqXMf6_vZkgkDMuf9ecN39CellsOmLjozBXkG3XIKQ_-mEHjbjU3DGxnuTDcRgy07n-iYB0uVU3OWxRh0cQcyRtLWL2lzYucwqvM7IHzTqk5kC51san3jAjah7ySmWY', 'width': 1920}]",ChIJTc0wKJ8tDogR2hX-MNWJqVQ,"{'compound_code': 'V82C+QW Chicago, IL, USA', 'global_code': '86HJV82C+QW'}",,4.6,ChIJTc0wKJ8tDogR2hX-MNWJqVQ,GOOGLE,"['restaurant', 'food', 'point_of_interest', 'establishment']",534.0,"2049 West Cermak Road, Chicago"
OPERATIONAL,"{'location': {'lat': 41.8523931, 'lng': -87.6850146}, 'viewport': {'northeast': {'lat': 41.85365023029151, 'lng': -87.6836505197085}, 'southwest': {'lat': 41.85095226970851, 'lng': -87.68634848029151}}}",https://maps.gstatic.com/mapfiles/place_api/icons/v1/png_71/restaurant-71.png,#FF9E67,https://maps.gstatic.com/mapfiles/place_api/icons/v2/restaurant_pinlet,Wingstop,{'open_now': True},"[{'height': 1080, 'html_attributions': ['<a href=""https://maps.google.com/maps/contrib/116989116558935336836"">Elizabeth Pankey</a>'], 'photo_reference': 'AW30NDzsaFIM0bLYhwMiDWZdcCCHFMEf5LqE178RLJqgsgza4yO5UKvawFfvbhXemBUS8MqDTrEZalSLJlyrPdgnJQuiBNv9EdqFyxcgnVT17DyHBBX0CHe9Ho3fC2X-CP55tSyA1JxWo0cKIx-nL7A61bcn0SRNMSS9yso0nRRq9K__Vu3v', 'width': 1920}]",ChIJEYU3Y5wtDogR5iGlGVBejWk,"{'compound_code': 'V827+XX Chicago, IL, USA', 'global_code': '86HJV827+XX'}",2.0,3.7,ChIJEYU3Y5wtDogR5iGlGVBejWk,GOOGLE,"['restaurant', 'food', 'point_of_interest', 'establishment']",378.0,"2344 West Cermak Road, Chicago"
OPERATIONAL,"{'location': {'lat': 41.81558280000001, 'lng': -87.68498450000001}, 'viewport': {'northeast': {'lat': 41.81693293029151, 'lng': -87.6834529197085}, 'southwest': {'lat': 41.81423496970851, 'lng': -87.68615088029152}}}",https://maps.gstatic.com/mapfiles/place_api/icons/v1/png_71/restaurant-71.png,#FF9E67,https://maps.gstatic.com/mapfiles/place_api/icons/v2/restaurant_pinlet,Naples Pizza,{'open_now': True},"[{'height': 750, 'html_attributions': ['<a href=""https://maps.google.com/maps/contrib/106965268725345495261"">Naples Pizza</a>'], 'photo_reference': 'AW30NDxsmXv5jxRpllRGWB2JNK8cY9xxH9gxRBjzqwuYfotisOmM4tQSY4eYSMwY7OSSxhxeKnfH7Pp4jwpqNY2g72cw3ZkDl57pp5K3bdH-9kGtjNlqillWkZyTSHHbsvn2IwDeKrtmQc7uIg4Kh8RLXtq2cIHhehlFyqHlUeg9yUB3Oya0', 'width': 1000}]",ChIJGW2VtgkuDogRZ6-zSiMp5zg,"{'compound_code': 'R888+62 Chicago, IL, USA', 'global_code': '86HJR888+62'}",1.0,4.0,ChIJGW2VtgkuDogRZ6-zSiMp5zg,GOOGLE,"['restaurant', 'food', 'point_of_interest', 'establishment']",348.0,"4300 South Western Avenue, Chicago"
OPERATIONAL,"{'location': {'lat': 41.85164810000001, 'lng': -87.6907322}, 'viewport': {'northeast': {'lat': 41.8529918802915, 'lng': -87.68932881970849}, 'southwest': {'lat': 41.8502939197085, 'lng': -87.6920267802915}}}",https://maps.gstatic.com/mapfiles/place_api/icons/v1/png_71/restaurant-71.png,#FF9E67,https://maps.gstatic.com/mapfiles/place_api/icons/v2/restaurant_pinlet,Little Caesars Pizza,{'open_now': True},"[{'height': 720, 'html_attributions': ['<a href=""https://maps.google.com/maps/contrib/114601628513696659888"">Little Caesars Pizza</a>'], 'photo_reference': 'AW30NDz7VBwkbVdYrYsrUM6sNhqH7IG-ApPnTPu83fKdwDNC81v_aeg6GCR7GdaNNUdFckNKKQ09IiCvD2xCM_nmWXiDmIuVZVaavN3vaZKX6DHYtKZuZ2RMv7JChOmC2Q35sOPYVgA4HL37Q_5qchZumCUwyos5X-NUv_E70t-2DQC27uff', 'width': 720}]",ChIJ715AeIQtDogRUwhAVYlEJgQ,"{'compound_code': 'V825+MP Chicago, IL, USA', 'global_code': '86HJV825+MP'}",1.0,3.6,ChIJ715AeIQtDogRUwhAVYlEJgQ,GOOGLE,"['meal_delivery', 'meal_takeaway', 'restaurant', 'food', 'point_of_interest', 'establishment']",716.0,"2601 West Cermak Road, Chicago"
OPERATIONAL,"{'location': {'lat': 41.8469081, 'lng': -87.67528349999999}, 'viewport': {'northeast': {'lat': 41.84818303029149, 'lng': -87.67414416970848}, 'southwest': {'lat': 41.8454850697085, 'lng': -87.67684213029149}}}",https://maps.gstatic.com/mapfiles/place_api/icons/v1/png_71/restaurant-71.png,#FF9E67,https://maps.gstatic.com/mapfiles/place_api/icons/v2/restaurant_pinlet,Restaurant Outlet,{'open_now': True},,ChIJQ6hm1aItDogR69D1EuZGoeU,"{'compound_code': 'R8WF+QV Chicago, IL, USA', 'global_code': '86HJR8WF+QV'}",,,ChIJQ6hm1aItDogR69D1EuZGoeU,GOOGLE,"['restaurant', 'food', 'point_of_interest', 'establishment']",,"2455 South Damen Avenue, Chicago"
OPERATIONAL,"{'location': {'lat': 41.8233803, 'lng': -87.6742323}, 'viewport': {'northeast': {'lat': 41.8246263802915, 'lng': -87.6728817197085}, 'southwest': {'lat': 41.8219284197085, 'lng': -87.6755796802915}}}",https://maps.gstatic.com/mapfiles/place_api/icons/v1/png_71/restaurant-71.png,#FF9E67,https://maps.gstatic.com/mapfiles/place_api/icons/v2/restaurant_pinlet,Del Sol Catering,{'open_now': False},,ChIJS6tCQtwtDogR9vBRAZUWa2w,"{'compound_code': 'R8FG+98 Chicago, IL, USA', 'global_code': '86HJR8FG+98'}",,5.0,ChIJS6tCQtwtDogR9vBRAZUWa2w,GOOGLE,"['restaurant', 'food', 'point_of_interest', 'establishment']",6.0,"1938 West Pershing Road, Chicago"
OPERATIONAL,"{'location': {'lat': 41.83567, 'lng': -87.66617}, 'viewport': {'northeast': {'lat': 41.8370371802915, 'lng': -87.66473021970849}, 'southwest': {'lat': 41.8343392197085, 'lng': -87.6674281802915}}}",https://maps.gstatic.com/mapfiles/place_api/icons/v1/png_71/restaurant-71.png,#FF9E67,https://maps.gstatic.com/mapfiles/place_api/icons/v2/restaurant_pinlet,Taste of Chicago Restaurant,{'open_now': True},"[{'height': 3024, 'html_attributions': ['<a href=""https://maps.google.com/maps/contrib/104508690091846060407"">Charles Bronson</a>'], 'photo_reference': 'AW30NDz1wbtPiMGVzmGgLU6ojgbC1H5YJzzqMWGGjrlltDq1QunG-QLifpOrJ62ZCDHgkls_9l3YkdQ21iZfLoKkyWGpt2_ajxh55QL_dLV3TkZxwleJ3IvA7KjVCY-XDZ6R01Ho41GWrrn9CwqD7-3ru0RLISXQjrp8gmL3G6QTmpuW1zy7', 'width': 4032}]",ChIJs6MwMMgtDogR0F-dK6G1uYY,"{'compound_code': 'R8PM+7G Chicago, IL, USA', 'global_code': '86HJR8PM+7G'}",1.0,4.4,ChIJs6MwMMgtDogR0F-dK6G1uYY,GOOGLE,"['meal_delivery', 'meal_takeaway', 'restaurant', 'food', 'point_of_interest', 'establishment']",310.0,"3170 South Ashland Avenue H, Chicago"
OPERATIONAL,"{'location': {'lat': 41.82261899999999, 'lng': -87.6907892}, 'viewport': {'northeast': {'lat': 41.82402933029149, 'lng': -87.68938556970849}, 'southwest': {'lat': 41.8213313697085, 'lng': -87.6920835302915}}}",https://maps.gstatic.com/mapfiles/place_api/icons/v1/png_71/cafe-71.png,#FF9E67,https://maps.gstatic.com/mapfiles/place_api/icons/v2/cafe_pinlet,Dunkin',{'open_now': True},"[{'height': 4032, 'html_attributions': ['<a href=""https://maps.google.com/maps/contrib/116612630936201576216"">Thomas Rios</a>'], 'photo_reference': 'AW30NDwojEF02LWivn6VfnRtfQ1y7DlsLKxDSTVhxoUiepHUy-89D9g7Cji9GQvLuEglD45iO9Vn7KJkq2X2EJJ1L8tjW3yJJapzyYLyL0nigG5T2ViHhTdQmZktx2-6THuxNMBZ8XXaUSAWVJ5xFmAIuQzgt9zQ7K8-lUkie4oGrzild4vy', 'width': 3024}]",ChIJT_Y8hfstDogRX74SSPeQOBw,"{'compound_code': 'R8F5+2M Chicago, IL, USA', 'global_code': '86HJR8F5+2M'}",1.0,3.7,ChIJT_Y8hfstDogRX74SSPeQOBw,GOOGLE,"['cafe', 'bakery', 'meal_takeaway', 'restaurant', 'food', 'store', 'point_of_interest', 'establishment']",616.0,"3910 South Archer Avenue, Chicago"
OPERATIONAL,"{'location': {'lat': 41.84471909999999, 'lng': -87.7022288}, 'viewport': {'northeast': {'lat': 41.8459876302915, 'lng': -87.70079106970849}, 'southwest': {'lat': 41.8432896697085, 'lng': -87.7034890302915}}}",https://maps.gstatic.com/mapfiles/place_api/icons/v1/png_71/restaurant-71.png,#FF9E67,https://maps.gstatic.com/mapfiles/place_api/icons/v2/restaurant_pinlet,Taqueria El Milagro,{'open_now': False},"[{'height': 3448, 'html_attributions': ['<a href=""https://maps.google.com/maps/contrib/104306362367907627652"">Darryl Liu</a>'], 'photo_reference': 'AW30NDx9d5mV6DoVA11OinZ3P-AaeMTzNKoNodZ7CCss7gTQfg-DqW5Ioxe_xsLDzMtmpL320d18wdUTXGAjJ7QpX9WDOeunqOuoxYPytbVsrPjdtNya9ha5LflnMhCvSt9xaPB1fc-VWLfYl_PBYMsP37R67Br_lvOiySgtohroxe26NuEM', 'width': 5168}]",ChIJM_hwKncyDogR4M0INwQVLHI,"{'compound_code': 'R7VX+V4 Chicago, IL, USA', 'global_code': '86HJR7VX+V4'}",2.0,4.3,ChIJM_hwKncyDogR4M0INwQVLHI,GOOGLE,"['restaurant', 'food', 'point_of_interest', 'establishment']",2965.0,"3050 West 26th Street, Chicago"
OPERATIONAL,"{'location': {'lat': 41.8238624, 'lng': -87.68790059999999}, 'viewport': {'northeast': {'lat': 41.8252768302915, 'lng': -87.68664341970849}, 'southwest': {'lat': 41.8225788697085, 'lng': -87.6893413802915}}}",https://maps.gstatic.com/mapfiles/place_api/icons/v1/png_71/restaurant-71.png,#FF9E67,https://maps.gstatic.com/mapfiles/place_api/icons/v2/restaurant_pinlet,Chop Suey City,{'open_now': False},"[{'height': 562, 'html_attributions': ['<a href=""https://maps.google.com/maps/contrib/101845181151172766836"">Gina Badagliacco</a>'], 'photo_reference': 'AW30NDwtpEcimjV8nnHWtuF-SKBPBZlvK0o4BF7VvlKatj7u535pLtlisz931JW9IfJDrZRN595D9NU3u8K8oU2IdhsgxAveASn0BmgZ6hYQ1yezhk-ws-OwaogFi90yDDn47dETrV4xkJj2QEbMESSpLGPlW-OgRm9-7WwRrEJ28PISNU4D', 'width': 1000}]",ChIJIUjvLfstDogRtovgSM-83ZM,"{'compound_code': 'R8F6+GR Chicago, IL, USA', 'global_code': '86HJR8F6+GR'}",,4.3,ChIJIUjvLfstDogRtovgSM-83ZM,GOOGLE,"['meal_delivery', 'restaurant', 'food', 'point_of_interest', 'establishment']",211.0,"3825 South Archer Avenue, Chicago"
OPERATIONAL,"{'location': {'lat': 41.83019479999999, 'lng': -87.68426989999999}, 'viewport': {'northeast': {'lat': 41.83159648029149, 'lng': -87.68292696970849}, 'southwest': {'lat': 41.8288985197085, 'lng': -87.6856249302915}}}",https://maps.gstatic.com/mapfiles/place_api/icons/v1/png_71/restaurant-71.png,#FF9E67,https://maps.gstatic.com/mapfiles/place_api/icons/v2/restaurant_pinlet,Polish Gyros,{'open_now': True},,ChIJiQMz6e4tDogRJiTMEhMa8SU,"{'compound_code': 'R8J8+37 Chicago, IL, USA', 'global_code': '86HJR8J8+37'}",,5.0,ChIJiQMz6e4tDogRJiTMEhMa8SU,GOOGLE,"['restaurant', 'food', 'point_of_interest', 'establishment']",4.0,"3501 South Western Boulevard, Chicago"
OPERATIONAL,"{'location': {'lat': 41.830174, 'lng': -87.6841906}, 'viewport': {'northeast': {'lat': 41.8315860802915, 'lng': -87.6828875697085}, 'southwest': {'lat': 41.8288881197085, 'lng': -87.6855855302915}}}",https://maps.gstatic.com/mapfiles/place_api/icons/v1/png_71/restaurant-71.png,#FF9E67,https://maps.gstatic.com/mapfiles/place_api/icons/v2/restaurant_pinlet,Nicky's Carry Outs,{'open_now': True},"[{'height': 4032, 'html_attributions': ['<a href=""https://maps.google.com/maps/contrib/105368329784264689171"">Aby Jayne</a>'], 'photo_reference': 'AW30NDw4_K7PGNd26h-1uzJgwr5CL_xrDsmFWV-RhaJ0tIEK-I_dYNWHYTWEHOQuZFxcINOEFiLdpAOhf7gxp8eI0UzoQMU_5pC7CCedrsIgtsnQu9UdMB1Km6JklGtDLdzIt0VbXDhODRBVzWdhyU1iR42z2GvBjhQfhIbSlo6yLBvn36pl', 'width': 3024}]",ChIJlYuawcUtDogRQtB-Nzgmo8o,"{'compound_code': 'R8J8+38 Chicago, IL, USA', 'global_code': '86HJR8J8+38'}",,4.7,ChIJlYuawcUtDogRQtB-Nzgmo8o,GOOGLE,"['restaurant', 'food', 'point_of_interest', 'establishment']",450.0,"3501 South Western Boulevard, Chicago"
OPERATIONAL,"{'location': {'lat': 41.830162, 'lng': -87.685199}, 'viewport': {'northeast': {'lat': 41.8315737802915, 'lng': -87.68380516970849}, 'southwest': {'lat': 41.82887581970851, 'lng': -87.6865031302915}}}",https://maps.gstatic.com/mapfiles/place_api/icons/v1/png_71/restaurant-71.png,#FF9E67,https://maps.gstatic.com/mapfiles/place_api/icons/v2/restaurant_pinlet,Gorditas La Tia Susy,{'open_now': True},"[{'height': 4624, 'html_attributions': ['<a href=""https://maps.google.com/maps/contrib/101450460346192520256"">Sid Shah</a>'], 'photo_reference': 'AW30NDwapiC3r1vpE8_CKUTexmLY9wQNPXIHqkvRWzTn1Kgf1FXJgv_AQTuwI6zZSIh-ZuQUriXA1CV0sQOPcgHeGxg_tIcZXM5y1Z4sTYRl4fwwAE2laGkFlCAn_aNFfSxHWctlKrMRAE8N-Jv1vwo_fIIZ_Pv7BrNSWTiwjg8T6FCkjkUo', 'width': 3472}]",ChIJmXcVYO4tDogRzTd-FiGRLBw,"{'compound_code': 'R8J7+3W Chicago, IL, USA', 'global_code': '86HJR8J7+3W'}",1.0,4.4,ChIJmXcVYO4tDogRzTd-FiGRLBw,GOOGLE,"['restaurant', 'food', 'point_of_interest', 'establishment']",376.0,"3500 South Western Avenue, Chicago"
OPERATIONAL,"{'location': {'lat': 41.8294426, 'lng': -87.6800221}, 'viewport': {'northeast': {'lat': 41.8307895802915, 'lng': -87.67867166970849}, 'southwest': {'lat': 41.8280916197085, 'lng': -87.6813696302915}}}",https://maps.gstatic.com/mapfiles/place_api/icons/v1/png_71/cafe-71.png,#FF9E67,https://maps.gstatic.com/mapfiles/place_api/icons/v2/cafe_pinlet,Dunkin',{'open_now': True},"[{'height': 3024, 'html_attributions': ['<a href=""https://maps.google.com/maps/contrib/115622905338689226956"">Aaron Samuels</a>'], 'photo_reference': 'AW30NDwPuYFTRBwtyV1Lq_hd0LqhSuVohSkAfE_KlaMORAnd9eEzLU08yJIpCCIJb2gGL_Xy9qRBbex8TwN33wi4XvexLA65HNQb9db-TFz4riiVQZtCDn0PIjLNThN7af_YvGdMRAcld2H3vfLW-3cteDMmbr751XWxW9Gu3n-85AFKZtby', 'width': 4032}]",ChIJx-QcBrUtDogRy_Rw77_mgkg,"{'compound_code': 'R8H9+QX Chicago, IL, USA', 'global_code': '86HJR8H9+QX'}",1.0,3.0,ChIJx-QcBrUtDogRy_Rw77_mgkg,GOOGLE,"['cafe', 'bakery', 'meal_takeaway', 'restaurant', 'food', 'store', 'point_of_interest', 'establishment']",41.0,"3542 South Archer Avenue, Chicago"
OPERATIONAL,"{'location': {'lat': 41.8305054, 'lng': -87.67628359999999}, 'viewport': {'northeast': {'lat': 41.8317899802915, 'lng': -87.6749420197085}, 'southwest': {'lat': 41.8290920197085, 'lng': -87.6776399802915}}}",https://maps.gstatic.com/mapfiles/place_api/icons/v1/png_71/restaurant-71.png,#FF9E67,https://maps.gstatic.com/mapfiles/place_api/icons/v2/restaurant_pinlet,Chile Toreado,{'open_now': False},"[{'height': 3024, 'html_attributions': ['<a href=""https://maps.google.com/maps/contrib/118279967665288112985"">Chile Toreado</a>'], 'photo_reference': 'AW30NDyrATL1EZtfXci4J_wSWbMQasVq30p92iollRmzSmbBqwQXEry0jLnPjllhAzGm86LjcU3ttOVr8yJp-kW_Rhip-J8DSoQF73EURBhe0zcvTdU5ZNqnvb4SiIgvCKOs75Xjn6iN53ymwa5z9ip5a1693G9AjFDSlDL-FI2Yf31x5o-_', 'width': 4032}]",ChIJFcxIJZstDogRARQUaag8dBs,"{'compound_code': 'R8JF+6F Chicago, IL, USA', 'global_code': '86HJR8JF+6F'}",2.0,4.7,ChIJFcxIJZstDogRARQUaag8dBs,GOOGLE,"['restaurant', 'food', 'point_of_interest', 'establishment']",226.0,"2022 West 35th Street, Chicago"
OPERATIONAL,"{'location': {'lat': 41.82680299999999, 'lng': -87.68317309999999}, 'viewport': {'northeast': {'lat': 41.8282086802915, 'lng': -87.68186496970849}, 'southwest': {'lat': 41.8255107197085, 'lng': -87.68456293029149}}}",https://maps.gstatic.com/mapfiles/place_api/icons/v1/png_71/restaurant-71.png,#FF9E67,https://maps.gstatic.com/mapfiles/place_api/icons/v2/restaurant_pinlet,Las Delicias De Maria,{'open_now': True},"[{'height': 3000, 'html_attributions': ['<a href=""https://maps.google.com/maps/contrib/101680839244721573704"">Rich KR</a>'], 'photo_reference': 'AW30NDyhf_275ymugPqgqqF4oE0di-R-Yi4mnKCmIdL4Uff_2b11MsqSjIQ9NBdBqMe5TkEEK6c-mFNfBe7EtU-Dygr1Zt5q1ewWASWZtKQLFR1131lQZ8s-XNFV_ODuQ69VrP-g0PWGvgne4aQcyskliRMQETW4cqCTdHjJArhtVj_oYlAX', 'width': 4000}]",ChIJzdBBeOMtDogRyoHilUU7qE0,"{'compound_code': 'R8G8+PP Chicago, IL, USA', 'global_code': '86HJR8G8+PP'}",,4.1,ChIJzdBBeOMtDogRyoHilUU7qE0,GOOGLE,"['restaurant', 'food', 'point_of_interest', 'establishment']",101.0,"3685 South Archer Avenue, Chicago"
OPERATIONAL,"{'location': {'lat': 41.8302175, 'lng': -87.6754364}, 'viewport': {'northeast': {'lat': 41.83165118029149, 'lng': -87.6740914697085}, 'southwest': {'lat': 41.8289532197085, 'lng': -87.6767894302915}}}",https://maps.gstatic.com/mapfiles/place_api/icons/v1/png_71/restaurant-71.png,#FF9E67,https://maps.gstatic.com/mapfiles/place_api/icons/v2/restaurant_pinlet,Trino's Pizza,{'open_now': True},"[{'height': 480, 'html_attributions': ['<a href=""https://maps.google.com/maps/contrib/111222009306792927495"">Trino&#39;s Pizza</a>'], 'photo_reference': 'AW30NDyp79Tv9-STrwPaW5TyHhMof_SaPbWpPB5w72oNj6AoSy3wHPmT9hyafqcL64066fkU9a2NgpWykJKZRIKx7ok6GzEZVGTyzow_dLesYp8KpJr500dW-oWaxS4QScAWNDJi5HLRs9T0iU4smGS0VSAliDGNEm_jMZaZZGT_XsFEeuL0', 'width': 463}]",ChIJxWsMs3suDogRSMqTjIivSK8,"{'compound_code': 'R8JF+3R Chicago, IL, USA', 'global_code': '86HJR8JF+3R'}",1.0,3.6,ChIJxWsMs3suDogRSMqTjIivSK8,GOOGLE,"['meal_delivery', 'meal_takeaway', 'restaurant', 'food', 'point_of_interest', 'establishment']",69.0,"2001 West 35th Street, Chicago"
OPERATIONAL,"{'location': {'lat': 41.8359756, 'lng': -87.6743698}, 'viewport': {'northeast': {'lat': 41.8370954802915, 'lng': -87.6733071697085}, 'southwest': {'lat': 41.8343975197085, 'lng': -87.67600513029151}}}",https://maps.gstatic.com/mapfiles/place_api/icons/v1/png_71/restaurant-71.png,#FF9E67,https://maps.gstatic.com/mapfiles/place_api/icons/v2/restaurant_pinlet,Pizza Hut Express,,"[{'height': 900, 'html_attributions': ['<a href=""https://maps.google.com/maps/contrib/107881963767006575954"">Pizza Hut Express</a>'], 'photo_reference': 'AW30NDyyOp7lXu0BwNn57uWYoR45-EnkmwHmnxrFnDOL4L7-92gOKFw5Su36m4gRb3h6ERn74lwIn_gF7NASLRBWEd67z1ZWATGnJq8gOvk_WlP9loZNQsbQsPXsH9EcNUQ-m1CRENa3E_Dfbyh3qccyNRmAs06ZQ2S89rEqsIwQiuUsnm5E', 'width': 1600}]",ChIJ42s7mMAtDogRApFG3jPm2I0,"{'compound_code': 'R8PG+97 Chicago, IL, USA', 'global_code': '86HJR8PG+97'}",1.0,3.2,ChIJ42s7mMAtDogRApFG3jPm2I0,GOOGLE,"['meal_takeaway', 'restaurant', 'food', 'point_of_interest', 'establishment']",19.0,"1940 West 33rd Street, Chicago"
OPERATIONAL,"{'location': {'lat': 41.8335957, 'lng': -87.6728689}, 'viewport': {'northeast': {'lat': 41.8349288302915, 'lng': -87.67129751970849}, 'southwest': {'lat': 41.8322308697085, 'lng': -87.67399548029151}}}",https://maps.gstatic.com/mapfiles/place_api/icons/v1/png_71/restaurant-71.png,#FF9E67,https://maps.gstatic.com/mapfiles/place_api/icons/v2/restaurant_pinlet,Taste Of Canton,{'open_now': True},"[{'height': 3024, 'html_attributions': ['<a href=""https://maps.google.com/maps/contrib/105015626290588070304"">ERIC HUANG</a>'], 'photo_reference': 'AW30NDzRcZ8TOqsvY_mBzyeiZ3WS1fM0dXGyOAlO99StF8otntetp2-OZygjfLny-4u_CfrHFQ7Jr9pqcXB3gyeWn9g5ehbPKhDKNR3h0Fixjfj9fv-GBlAmQVFEpBq7KcWI6gH2ktHPVvieYgKEbX54u1T3nuxMLt6EkHo2ubIRHp3nqsZw', 'width': 4032}]",ChIJG5OYB7ktDogRVs8jf7PacQU,"{'compound_code': 'R8MG+CV Chicago, IL, USA', 'global_code': '86HJR8MG+CV'}",2.0,4.2,ChIJG5OYB7ktDogRVs8jf7PacQU,GOOGLE,"['restaurant', 'food', 'point_of_interest', 'establishment']",57.0,"3324 South Archer Avenue Unit A, Chicago"
OPERATIONAL,"{'location': {'lat': 41.8316379, 'lng': -87.6943297}, 'viewport': {'northeast': {'lat': 41.8329847802915, 'lng': -87.6930399697085}, 'southwest': {'lat': 41.8302868197085, 'lng': -87.69573793029151}}}",https://maps.gstatic.com/mapfiles/place_api/icons/v1/png_71/restaurant-71.png,#FF9E67,https://maps.gstatic.com/mapfiles/place_api/icons/v2/restaurant_pinlet,Subway,{'open_now': True},,ChIJCwkH2hN5QogR6EmkHsBgy-Y,"{'compound_code': 'R8J4+M7 Chicago, IL, USA', 'global_code': '86HJR8J4+M7'}",1.0,2.7,ChIJCwkH2hN5QogR6EmkHsBgy-Y,GOOGLE,"['meal_takeaway', 'restaurant', 'food', 'point_of_interest', 'establishment']",23.0,"3401 South California Avenue, Chicago"
OPERATIONAL,"{'location': {'lat': 41.8305826, 'lng': -87.67258}, 'viewport': {'northeast': {'lat': 41.8318504802915, 'lng': -87.67124191970849}, 'southwest': {'lat': 41.8291525197085, 'lng': -87.6739398802915}}}",https://maps.gstatic.com/mapfiles/place_api/icons/v1/png_71/restaurant-71.png,#FF9E67,https://maps.gstatic.com/mapfiles/place_api/icons/v2/restaurant_pinlet,Taqueria La Placita,{'open_now': True},"[{'height': 757, 'html_attributions': ['<a href=""https://maps.google.com/maps/contrib/113757709456609641925"">Daniel Breems</a>'], 'photo_reference': 'AW30NDzFfyxkU42bitUgNTqwpzHXI4CnPl0hKcbpGfkvCCyl0N25-beyTxHNiZDGiSclx1e_lc4xORYCmUM3ERJyo_doMGICAzoNT96rLPArmGqCFPiwZY28HtGf067CKrfU0gAa3ijJb3sKDuhcPerKXhuUr3b9jBQlM7fzse5x8c8qwag', 'width': 1600}]",ChIJ97tzDMQtDogR5eprEmwTyBU,"{'compound_code': 'R8JG+6X Chicago, IL, USA', 'global_code': '86HJR8JG+6X'}",1.0,4.3,ChIJ97tzDMQtDogR5eprEmwTyBU,GOOGLE,"['restaurant', 'food', 'point_of_interest', 'establishment']",232.0,"1856 West 35th Street, Chicago"
OPERATIONAL,"{'location': {'lat': 41.83054199999999, 'lng': -87.67203099999999}, 'viewport': {'northeast': {'lat': 41.83183453029149, 'lng': -87.67065651970849}, 'southwest': {'lat': 41.8291365697085, 'lng': -87.67335448029151}}}",https://maps.gstatic.com/mapfiles/place_api/icons/v1/png_71/restaurant-71.png,#FF9E67,https://maps.gstatic.com/mapfiles/place_api/icons/v2/restaurant_pinlet,"La PlacitaTaqueria, Carniceria Y Fruteria",{'open_now': True},"[{'height': 3024, 'html_attributions': ['<a href=""https://maps.google.com/maps/contrib/101918174341613523739"">Lori</a>'], 'photo_reference': 'AW30NDzGC7Va-igGsohbwX0G_KuVYGdpDP1bL-pJg9ZxUTwUWfPJ-YvVvu92T2BANqD71gFoK01mu-aHgeZT3fT6KKdaesdrRuiC3QvRxGt6vQ0Kle1z5uhrM-Hic9FfFmc-9ftL3MEokTFahvt-NgAVV4cufDDbrH2Dyc3XQZm_VEu42mi3', 'width': 4032}]",ChIJdQCbE8QtDogRfFaQZTzw4pI,"{'compound_code': 'R8JH+65 Chicago, IL, USA', 'global_code': '86HJR8JH+65'}",,4.8,ChIJdQCbE8QtDogRfFaQZTzw4pI,GOOGLE,"['meal_takeaway', 'restaurant', 'food', 'point_of_interest', 'establishment']",13.0,"1840 West 35th Street, Chicago"
OPERATIONAL,"{'location': {'lat': 41.8305503, 'lng': -87.67195219999999}, 'viewport': {'northeast': {'lat': 41.8318388802915, 'lng': -87.6706166197085}, 'southwest': {'lat': 41.8291409197085, 'lng': -87.6733145802915}}}",https://maps.gstatic.com/mapfiles/place_api/icons/v1/png_71/restaurant-71.png,#FF9E67,https://maps.gstatic.com/mapfiles/place_api/icons/v2/restaurant_pinlet,La Placita Chicago,{'open_now': True},"[{'height': 2448, 'html_attributions': ['<a href=""https://maps.google.com/maps/contrib/105580830795280903213"">Rosa Castellanos</a>'], 'photo_reference': 'AW30NDxqZXQbnVmXD9hUn4siiXzsCv4E0he7subKZl5N97djuAvq7nKuRiVnhaPtVAitoHUp49WS6QvSzI8HW6N1vgjYpXUSpqGWCbijWxqrA57MaMZW5oXx1TeQZlJKnWvTDJiBiRlPaJ-yzmtLPwSlnwtKjF-Y3O4PEh08diMNpuSEuOvQ', 'width': 3264}]",ChIJc1hHEsQtDogROIeKqonHxu4,"{'compound_code': 'R8JH+66 Chicago, IL, USA', 'global_code': '86HJR8JH+66'}",1.0,4.5,ChIJc1hHEsQtDogROIeKqonHxu4,GOOGLE,"['supermarket', 'grocery_or_supermarket', 'restaurant', 'food', 'store', 'point_of_interest', 'establishment']",275.0,"1840 West 35th Street, Chicago"
OPERATIONAL,"{'location': {'lat': 41.830574, 'lng': -87.69571}, 'viewport': {'northeast': {'lat': 41.8319228302915, 'lng': -87.6942747197085}, 'southwest': {'lat': 41.8292248697085, 'lng': -87.69697268029151}}}",https://maps.gstatic.com/mapfiles/place_api/icons/v1/png_71/shopping-71.png,#4B96F3,https://maps.gstatic.com/mapfiles/place_api/icons/v2/convenience_pinlet,Thorntons,{'open_now': True},"[{'height': 1920, 'html_attributions': ['<a href=""https://maps.google.com/maps/contrib/116760484197166811944"">Kristen Mosley</a>'], 'photo_reference': 'AW30NDwJZ8ap1oem8Hwt4BnfsZD6LVFv7RKsKD7II1IGK171RKhDFVopC-Hz9Xqqg-5Oe8z_rjHfnKTK-zuQML_qHdR2Kr9un4ZveZt_W1Iv53DblBE58NdPGfQawV7Sn2j_7Vx8q0zPNvHBmBqn9d-d9LikTTSV8rqkLVhWbhIM0LnEabkF', 'width': 1080}]",ChIJtcuGXfYtDogR6Phcfk33vJk,"{'compound_code': 'R8J3+6P Chicago, IL, USA', 'global_code': '86HJR8J3+6P'}",,1.8,ChIJtcuGXfYtDogR6Phcfk33vJk,GOOGLE,"['convenience_store', 'atm', 'gas_station', 'liquor_store', 'cafe', 'bakery', 'finance', 'restaurant', 'food', 'store', 'point_of_interest', 'establishment']",45.0,"3450 South California Avenue, Chicago"
