business_status,geometry,icon,icon_background_color,icon_mask_base_uri,name,opening_hours,photos,place_id,plus_code,price_level,rating,reference,scope,types,user_ratings_total,vicinity,permanently_closed
OPERATIONAL,"{'location': {'lat': 39.9806746, 'lng': -75.1280968}, 'viewport': {'northeast': {'lat': 39.98207628029151, 'lng': -75.1268392697085}, 'southwest': {'lat': 39.97937831970851, 'lng': -75.1295372302915}}}",https://maps.gstatic.com/mapfiles/place_api/icons/v1/png_71/restaurant-71.png,#FF9E67,https://maps.gstatic.com/mapfiles/place_api/icons/v2/restaurant_pinlet,Pizza Brain,{'open_now': True},"[{'height': 398, 'html_attributions': ['<a href=""https://maps.google.com/maps/contrib/101534969806646486904"">Pizza Brain</a>'], 'photo_reference': 'AW30NDxYaDyzyP7ZVnMkbRouAELKeStP83F1muEa9AWUi3tMYwrd-m_r0k0kdFrOea6WGlhcSf7LR9jHkd45obB2VnLL2V9KmeZxi3vrMDxTqFDwxAqXcRqNKGJL4srY5OyXocvk22A0O-uttlAjcY3_eFWNMmrFydYDRgOUELrGf3MFAci0', 'width': 506}]",ChIJtVClNDzIxokRag6PE027l9w,"{'compound_code': 'XVJC+7Q Philadelphia, PA, USA', 'global_code': '87F6XVJC+7Q'}",2.0,4.3,ChIJtVClNDzIxokRag6PE027l9w,GOOGLE,"['restaurant', 'food', 'point_of_interest', 'store', 'establishment']",853.0,"2313 Frankford Avenue, Philadelphia",
OPERATIONAL,"{'location': {'lat': 40.02057599999999, 'lng': -75.1337984}, 'viewport': {'northeast': {'lat': 40.02194703029149, 'lng': -75.1325341197085}, 'southwest': {'lat': 40.01924906970849, 'lng': -75.13523208029152}}}",https://maps.gstatic.com/mapfiles/place_api/icons/v1/png_71/restaurant-71.png,#FF9E67,https://maps.gstatic.com/mapfiles/place_api/icons/v2/restaurant_pinlet,Tierra Colombiana Restaurant,{'open_now': True},"[{'height': 1153, 'html_attributions': ['<a href=""https://maps.google.com/maps/contrib/101735021267400742341"">Tierra Colombiana Restaurant</a>'], 'photo_reference': 'AW30NDz9Emm6ToWWeGurqVW4QzJ3WSPISBIEZAw2LgVQLP852yDd6V3ccdwcdLz5Tn4gUm5J9_8vPXI9czjnDjYcD4I0vySCFVateI7RhLuvevUd5hilFqVGFXjFvTJBp08HIUnKLBn-FlBhV6pQ-hcBvfNFzulUXzg6xyWRMkWPaSpZxV6S', 'width': 2048}]",ChIJQZGAf5a3xokRpmw19vEXTGE,"{'compound_code': '2VC8+6F Philadelphia, PA, USA', 'global_code': '87G62VC8+6F'}",2.0,4.3,ChIJQZGAf5a3xokRpmw19vEXTGE,GOOGLE,"['restaurant', 'food', 'point_of_interest', 'establishment']",3648.0,"4535 North 5th Street 1st floor, Philadelphia",
OPERATIONAL,"{'location': {'lat': 39.982431, 'lng': -75.127061}, 'viewport': {'northeast': {'lat': 39.9837820802915, 'lng': -75.12563296970849}, 'southwest': {'lat': 39.9810841197085, 'lng': -75.1283309302915}}}",https://maps.gstatic.com/mapfiles/place_api/icons/v1/png_71/generic_business-71.png,#7B9EB0,https://maps.gstatic.com/mapfiles/place_api/icons/v2/generic_pinlet,Philadelphia Brewing Co.,{'open_now': True},"[{'height': 674, 'html_attributions': ['<a href=""https://maps.google.com/maps/contrib/105426976228878529423"">Philadelphia Brewing Co.</a>'], 'photo_reference': 'AW30NDwS6vncOoMJpHc0s9BtLo8uiTYzsbw2EJDe7ld7klSaAMKaQsWut6clN_acSqWcWM-ZmiOkg1I8lSchvSQmfbj_igRBDW2EfrXvr61qarF6OqpM3K6stV5xTQLzQ_cgiwryvVO2jHWl2d4ERz8sC33grdBRvpe9MgmZoItT1Md3uGaT', 'width': 1200}]",ChIJbTUR7zzIxokRCUHsVDLAKJY,"{'compound_code': 'XVJF+X5 Philadelphia, PA, USA', 'global_code': '87F6XVJF+X5'}",,4.5,ChIJbTUR7zzIxokRCUHsVDLAKJY,GOOGLE,"['liquor_store', 'tourist_attraction', 'bar', 'restaurant', 'food', 'point_of_interest', 'store', 'establishment']",200.0,"2440 Frankford Avenue, Philadelphia",
OPERATIONAL,"{'location': {'lat': 39.9803623, 'lng': -75.1230391}, 'viewport': {'northeast': {'lat': 39.9816906302915, 'lng': -75.12179061970849}, 'southwest': {'lat': 39.9789926697085, 'lng': -75.12448858029151}}}",https://maps.gstatic.com/mapfiles/place_api/icons/v1/png_71/bar-71.png,#FF9E67,https://maps.gstatic.com/mapfiles/place_api/icons/v2/bar_pinlet,Memphis Taproom,{'open_now': False},"[{'height': 1960, 'html_attributions': ['<a href=""https://maps.google.com/maps/contrib/100484495455481572143"">JOSE A. LUGO</a>'], 'photo_reference': 'AW30NDz6ogbIwOcgSXhSafBqptAZAvk7CmIPs_WFzk17zhwx72GVd77VCddApNJYWMLndWVbMn7BQ3PiySHFPHEvFKLZfnqfzMdHC21B08lRPvYVKfF_uRHbTqTejRq703UfB10wnqpVkbTy87KW1-td3OpX_geJc08xg05-3Wy6Hi19Kmbb', 'width': 4032}]",ChIJtYHMtzvIxokRtuFmRjNcEnw,"{'compound_code': 'XVJG+4Q Philadelphia, PA, USA', 'global_code': '87F6XVJG+4Q'}",2.0,4.6,ChIJtYHMtzvIxokRtuFmRjNcEnw,GOOGLE,"['bar', 'restaurant', 'food', 'point_of_interest', 'establishment']",923.0,"2331 East Cumberland Street, Philadelphia",
OPERATIONAL,"{'location': {'lat': 39.999263, 'lng': -75.1333757}, 'viewport': {'northeast': {'lat': 40.00059573029149, 'lng': -75.1319435697085}, 'southwest': {'lat': 39.9978977697085, 'lng': -75.1346415302915}}}",https://maps.gstatic.com/mapfiles/place_api/icons/v1/png_71/restaurant-71.png,#FF9E67,https://maps.gstatic.com/mapfiles/place_api/icons/v2/restaurant_pinlet,Freddy & Tony's Restaurant,{'open_now': True},"[{'height': 1836, 'html_attributions': ['<a href=""https://maps.google.com/maps/contrib/105115686559457713758"">WENDY Carranza menes</a>'], 'photo_reference': 'AW30NDyyLiPzIxqjSapd-iL2WieANFKHpQC2pQXgVD6JGKfo7iKBA8KXaS0xwuIu1wX2N4Yv8KtvHGyxzVnpJ6ttAIZ6Ty3F_WlUg5hTaCErL8AK3DKnohnuLBH_7bhMDNv_iDgG3aiCjESFnN-iJqWAuqLmSYNqR_3d6j7hpC1XLpcjPImU', 'width': 3264}]",ChIJy-SYwuC3xokRjAHtdA6JEpo,"{'compound_code': 'XVX8+PJ Philadelphia, PA, USA', 'global_code': '87F6XVX8+PJ'}",1.0,4.2,ChIJy-SYwuC3xokRjAHtdA6JEpo,GOOGLE,"['restaurant', 'food', 'point_of_interest', 'establishment']",2409.0,"201 West Allegheny Avenue, Philadelphia",
OPERATIONAL,"{'location': {'lat': 39.99157020000001, 'lng': -75.1380491}, 'viewport': {'northeast': {'lat': 39.99304638029151, 'lng': -75.13677686970848}, 'southwest': {'lat': 39.99034841970851, 'lng': -75.1394748302915}}}",https://maps.gstatic.com/mapfiles/place_api/icons/v1/png_71/restaurant-71.png,#FF9E67,https://maps.gstatic.com/mapfiles/place_api/icons/v2/restaurant_pinlet,Popeyes Louisiana Kitchen,{'open_now': True},"[{'height': 1192, 'html_attributions': ['<a href=""https://maps.google.com/maps/contrib/116521553142755321956"">Popeyes Louisiana Kitchen</a>'], 'photo_reference': 'AW30NDyua_h8cvqDcD6E3MrcsMF5Ubm95Cf18fN5qNbIyMWxFvEXAr_nanNTy-RjUHsKJQJD6--awSoW9FAhDoBuNtdm0rli3fK2B_rZWVbB2Sqr7O_bRv2kWE1yO5okdC4Bt_hy2R_C0C5YmMPz3PV3NThNaW51PN9vWH1VohDi7TEqQhTD', 'width': 2119}]",ChIJN30WDhzIxokRA5hPTVQEDHY,"{'compound_code': 'XVR6+JQ Philadelphia, PA, USA', 'global_code': '87F6XVR6+JQ'}",1.0,3.8,ChIJN30WDhzIxokRA5hPTVQEDHY,GOOGLE,"['restaurant', 'food', 'point_of_interest', 'establishment']",1641.0,"314 West Lehigh Avenue, Philadelphia",
OPERATIONAL,"{'location': {'lat': 40.0070789, 'lng': -75.12807099999999}, 'viewport': {'northeast': {'lat': 40.0085149302915, 'lng': -75.12674281970848}, 'southwest': {'lat': 40.0058169697085, 'lng': -75.12944078029149}}}",https://maps.gstatic.com/mapfiles/place_api/icons/v1/png_71/restaurant-71.png,#FF9E67,https://maps.gstatic.com/mapfiles/place_api/icons/v2/restaurant_pinlet,Burger King,{'open_now': True},"[{'height': 720, 'html_attributions': ['<a href=""https://maps.google.com/maps/contrib/112999827647687802165"">Romelo Skuggs</a>'], 'photo_reference': 'AW30NDzB7i6ywPyvbUf-4Ha75J-6BbcY2HdExF3pUnBfKcfeBAzcOKWUjR_vDkHmfD-9AaNawI7F0STGKguLA1M4TgdJ5PjfpPAWxaEbx4DNh5tiWPuRbaXPAurIJ-HNaTQD9QERl9eFiYaE0bAJ_YSsiWfYe7AXRUsNuHXyCkuwaE_U68_w', 'width': 1280}]",ChIJBYChqMO3xokRjYrZwsMwc6c,"{'compound_code': '2V4C+RQ Philadelphia, PA, USA', 'global_code': '87G62V4C+RQ'}",1.0,3.8,ChIJBYChqMO3xokRjYrZwsMwc6c,GOOGLE,"['restaurant', 'food', 'point_of_interest', 'establishment']",1796.0,"100 West Erie Avenue, Philadelphia",
OPERATIONAL,"{'location': {'lat': 40.0119118, 'lng': -75.1125648}, 'viewport': {'northeast': {'lat': 40.01317913029149, 'lng': -75.1112310697085}, 'southwest': {'lat': 40.01048116970849, 'lng': -75.1139290302915}}}",https://maps.gstatic.com/mapfiles/place_api/icons/v1/png_71/restaurant-71.png,#FF9E67,https://maps.gstatic.com/mapfiles/place_api/icons/v2/restaurant_pinlet,Little Caesars Pizza,{'open_now': True},"[{'height': 3024, 'html_attributions': ['<a href=""https://maps.google.com/maps/contrib/100700273891480961085"">shackira Reyes</a>'], 'photo_reference': 'AW30NDw_P8SnlbDZDzLKwkeCUEZC5qlMLV9mgHZHKT_NFrBZd7mKFhk7acVwtV9E-7EUrlpe0okoIR4QpWRipyR3uV8oqDSEue_VR8GrrbH3ORziV_JEOTjqWJG1AfLZkJq0GCHFpUGItlhIUyyUKf2mSPEFN78Y0oiH5NN3NYnCOaMchT0i', 'width': 4032}]",ChIJBQBxFMq3xokRPgQpHaRL_rk,"{'compound_code': '2V6P+QX Philadelphia, PA, USA', 'global_code': '87G62V6P+QX'}",1.0,3.7,ChIJBQBxFMq3xokRPgQpHaRL_rk,GOOGLE,"['meal_delivery', 'meal_takeaway', 'restaurant', 'food', 'point_of_interest', 'establishment']",352.0,"700 East Hunting Park Avenue, Philadelphia",
OPERATIONAL,"{'location': {'lat': 40.0082201, 'lng': -75.151168}, 'viewport': {'northeast': {'lat': 40.00960408029149, 'lng': -75.14994066970849}, 'southwest': {'lat': 40.0069061197085, 'lng': -75.15263863029149}}}",https://maps.gstatic.com/mapfiles/place_api/icons/v1/png_71/restaurant-71.png,#FF9E67,https://maps.gstatic.com/mapfiles/place_api/icons/v2/restaurant_pinlet,City View Pizza and Grill,{'open_now': True},"[{'height': 1365, 'html_attributions': ['<a href=""https://maps.google.com/maps/contrib/111777566334214610590"">City View Pizza and Grill</a>'], 'photo_reference': 'AW30NDwqM93crphPZzIvmOQjxOMVMx-7Onl78yHHWcdM0lFPA_qu0EUr3YuHmqxrx-SnmnxPvNQeJwzN2eExpFCeoNK2VZMofq4OICjOjhqMv_1H-Dv4vGJwRc5fQNTMNRYS0t_Cr59-OkWnBJO94dVjtV3SO6CNR3VzAZ5dvuxnxlzU9qiJ', 'width': 2048}]",ChIJG8Yvefe3xokRPA_4aXYAm5k,"{'compound_code': '2R5X+7G Philadelphia, PA, USA', 'global_code': '87G62R5X+7G'}",2.0,4.2,ChIJG8Yvefe3xokRPA_4aXYAm5k,GOOGLE,"['meal_delivery', 'meal_takeaway', 'restaurant', 'food', 'point_of_interest', 'establishment']",1312.0,"3617-19 North Broad Street, Philadelphia",
OPERATIONAL,"{'location': {'lat': 40.01249019999999, 'lng': -75.1355311}, 'viewport': {'northeast': {'lat': 40.01390893029149, 'lng': -75.13417576970849}, 'southwest': {'lat': 40.01121096970849, 'lng': -75.1368737302915}}}",https://maps.gstatic.com/mapfiles/place_api/icons/v1/png_71/cafe-71.png,#FF9E67,https://maps.gstatic.com/mapfiles/place_api/icons/v2/cafe_pinlet,Dunkin',{'open_now': True},"[{'height': 800, 'html_attributions': ['<a href=""https://maps.google.com/maps/contrib/111216687604648575296"">Dunkin&#39;</a>'], 'photo_reference': 'AW30NDz9VnEtBOuiM5LtzKHkDXc5z3z26MEQR1uxeuM8Szwc9TkPS0jfbfoZU9f1kNp5FQu5-GTi1Uw7LiExuZum8j8dHYzWZgYKZ0R4wGxeLr4yoy01xWllbQ_Wdtv1lvO7L4ygVohhn4xFMn271YfllCflkXHSbzYBSfCcUNIPDuWCPAPM', 'width': 1143}]",ChIJFyt_veu3xokRL2gEDxDXKpY,"{'compound_code': '2V67+XQ Philadelphia, PA, USA', 'global_code': '87G62V67+XQ'}",1.0,3.7,ChIJFyt_veu3xokRL2gEDxDXKpY,GOOGLE,"['cafe', 'meal_takeaway', 'bakery', 'restaurant', 'food', 'point_of_interest', 'store', 'establishment']",250.0,"4017-59 North 5th Street, Philadelphia",
OPERATIONAL,"{'location': {'lat': 39.99756199999999, 'lng': -75.1201598}, 'viewport': {'northeast': {'lat': 39.9988168302915, 'lng': -75.11883441970849}, 'southwest': {'lat': 39.9961188697085, 'lng': -75.1215323802915}}}",https://maps.gstatic.com/mapfiles/place_api/icons/v1/png_71/restaurant-71.png,#FF9E67,https://maps.gstatic.com/mapfiles/place_api/icons/v2/restaurant_pinlet,Pizza House Express,{'open_now': True},"[{'height': 871, 'html_attributions': ['<a href=""https://maps.google.com/maps/contrib/114109476598717106137"">Pizza House Express</a>'], 'photo_reference': 'AW30NDz8Un9uoI8HfiWkQRPhl_enRdd5GsKZemCDo_MuIEDMronD-lB4QQvgz7EWVgg4JvK3VvW-PwdKEytSfSopWvSCm2uyN6kImJcQbrhSzy2CLN4RawOqYpXDKw6HaFFmVEjEGvgpS-ODInsmXefJi8rWvkFGTRZj-MKXbl0DK7i-LY-h', 'width': 736}]",ChIJgdmw59m3xokRZuNDyRV9pe4,"{'compound_code': 'XVXH+2W Philadelphia, PA, USA', 'global_code': '87F6XVXH+2W'}",1.0,3.9,ChIJgdmw59m3xokRZuNDyRV9pe4,GOOGLE,"['meal_delivery', 'restaurant', 'food', 'point_of_interest', 'establishment']",228.0,"529 East Allegheny Avenue, Philadelphia",
OPERATIONAL,"{'location': {'lat': 40.01467679999999, 'lng': -75.1303729}, 'viewport': {'northeast': {'lat': 40.01605218029149, 'lng': -75.12913336970848}, 'southwest': {'lat': 40.01335421970849, 'lng': -75.13183133029149}}}",https://maps.gstatic.com/mapfiles/place_api/icons/v1/png_71/cafe-71.png,#FF9E67,https://maps.gstatic.com/mapfiles/place_api/icons/v2/cafe_pinlet,Dunkin',{'open_now': True},"[{'height': 800, 'html_attributions': ['<a href=""https://maps.google.com/maps/contrib/112646465006437944273"">Dunkin&#39;</a>'], 'photo_reference': 'AW30NDxWiEB8ABZoLwfEkJeMB8mp13NmLEAYEdcMTyn6U8A8HuTQ6pNXBFHoERiR6pAApa6dqRuhPnJGEtkjw_9jWraloaWsXzoEMHT1NqdbvJKzSU6-4KI6EeRZbILyG7UQbwfPAyKoOot9y0Qogod-MTxFEtgSfopKkBq0N_4VCiDq9Im_', 'width': 1143}]",ChIJTf_NCMC3xokRGQP1flDS3BE,"{'compound_code': '2V79+VV Philadelphia, PA, USA', 'global_code': '87G62V79+VV'}",1.0,3.8,ChIJTf_NCMC3xokRGQP1flDS3BE,GOOGLE,"['cafe', 'meal_takeaway', 'bakery', 'restaurant', 'food', 'point_of_interest', 'store', 'establishment']",618.0,"221 West Hunting Park Avenue, Philadelphia",
OPERATIONAL,"{'location': {'lat': 39.99658449999999, 'lng': -75.1156547}, 'viewport': {'northeast': {'lat': 39.99803068029149, 'lng': -75.11428691970849}, 'southwest': {'lat': 39.99533271970849, 'lng': -75.1169848802915}}}",https://maps.gstatic.com/mapfiles/place_api/icons/v1/png_71/restaurant-71.png,#FF9E67,https://maps.gstatic.com/mapfiles/place_api/icons/v2/restaurant_pinlet,Laberintos De Pasion Restaurant,{'open_now': True},"[{'height': 4000, 'html_attributions': ['<a href=""https://maps.google.com/maps/contrib/101807562360956606268"">Laberintos De Pasion Restaurant</a>'], 'photo_reference': 'AW30NDwnrbcYzJXAWTgejZhNLIDgIhqDBTO2jar_VGPyw2BuGk2pGTzXa6X0MAxXQ74jebEo34S1r_rszAuz2fWmzVSX7bfnaMttqQBESB1RPic81RdxvkhiUAoJISPltNA_ClsXfIjd6JE2ekiO8X_CCiW2eVKbAeWoWBZdyUAfUbriQU0W', 'width': 3000}]",ChIJ2-DV7ta3xokR1pWB5uUjWxg,"{'compound_code': 'XVWM+JP Philadelphia, PA, USA', 'global_code': '87F6XVWM+JP'}",,4.2,ChIJ2-DV7ta3xokR1pWB5uUjWxg,GOOGLE,"['restaurant', 'food', 'point_of_interest', 'establishment']",109.0,"3168 G Street, Philadelphia",
OPERATIONAL,"{'location': {'lat': 39.9992774, 'lng': -75.1329367}, 'viewport': {'northeast': {'lat': 40.0006798302915, 'lng': -75.1317073697085}, 'southwest': {'lat': 39.9979818697085, 'lng': -75.1344053302915}}}",https://maps.gstatic.com/mapfiles/place_api/icons/v1/png_71/restaurant-71.png,#FF9E67,https://maps.gstatic.com/mapfiles/place_api/icons/v2/restaurant_pinlet,Taco Bell,{'open_now': True},"[{'height': 2322, 'html_attributions': ['<a href=""https://maps.google.com/maps/contrib/110751785398482110974"">Jerry grizzly</a>'], 'photo_reference': 'AW30NDysQU1Tls9xZO3k44OW5Qg2U8kc4roAy9wSI6zmLiW-5SqHpdmcWvM9yVtY_TNGGZ_qtpUermhJmVIn-N6ai4BNJV0HIzDnRszpFSNr1KTw1Eo9PKb6pfzDAUy0gUU5UkKqAEVV03h14gfjhKaD3Z28i0Fp3cEa2uIoYXaVAjLPwa5b', 'width': 4128}]",ChIJ1wPpweC3xokRRFGYSteEuto,"{'compound_code': 'XVX8+PR Philadelphia, PA, USA', 'global_code': '87F6XVX8+PR'}",1.0,3.4,ChIJ1wPpweC3xokRRFGYSteEuto,GOOGLE,"['restaurant', 'food', 'point_of_interest', 'establishment']",157.0,"177 West Allegheny Avenue, Philadelphia",
OPERATIONAL,"{'location': {'lat': 40.00329159999999, 'lng': -75.1240877}, 'viewport': {'northeast': {'lat': 40.00481793029149, 'lng': -75.1227850197085}, 'southwest': {'lat': 40.0021199697085, 'lng': -75.12548298029151}}}",https://maps.gstatic.com/mapfiles/place_api/icons/v1/png_71/restaurant-71.png,#FF9E67,https://maps.gstatic.com/mapfiles/place_api/icons/v2/restaurant_pinlet,4 Seasons Mexican Restaurant,{'open_now': True},"[{'height': 3087, 'html_attributions': ['<a href=""https://maps.google.com/maps/contrib/110638558187948374911"">4 Seasons Mexican Restaurant</a>'], 'photo_reference': 'AW30NDwIcCFqOyLkv2dc6XD4KFojS50GtpSqpzk3kn_TqweTs5hasyuWp4x2qnadUdSqbcOtIfOa8q6Zdq-NwpGyq4whhulXWjAFG_ciNaNhCF2jWLbebQZEcENEb4hbvhkNGZ3Cm-06cex_SG7KF8moyzpZGcUJt7uAK5GT4oK4yaWgBQ2V', 'width': 2967}]",ChIJmWgJY7q3xokRDKAr7PXvzAk,"{'compound_code': '2V3G+89 Philadelphia, PA, USA', 'global_code': '87G62V3G+89'}",2.0,4.3,ChIJmWgJY7q3xokRDKAr7PXvzAk,GOOGLE,"['restaurant', 'food', 'point_of_interest', 'establishment']",334.0,"3503 B Street, Philadelphia",
OPERATIONAL,"{'location': {'lat': 39.9915057, 'lng': -75.13414499999999}, 'viewport': {'northeast': {'lat': 39.9928489802915, 'lng': -75.13287001970848}, 'southwest': {'lat': 39.99015101970851, 'lng': -75.1355679802915}}}",https://maps.gstatic.com/mapfiles/place_api/icons/v1/png_71/restaurant-71.png,#FF9E67,https://maps.gstatic.com/mapfiles/place_api/icons/v2/restaurant_pinlet,Perial Palace,{'open_now': True},,ChIJwVSs2B7IxokRR5ShE9NcbRc,"{'compound_code': 'XVR8+J8 Philadelphia, PA, USA', 'global_code': '87F6XVR8+J8'}",2.0,4.8,ChIJwVSs2B7IxokRR5ShE9NcbRc,GOOGLE,"['restaurant', 'food', 'point_of_interest', 'establishment']",9.0,Philadelphia,
OPERATIONAL,"{'location': {'lat': 39.9920872, 'lng': -75.1418418}, 'viewport': {'northeast': {'lat': 39.9935133302915, 'lng': -75.1406955697085}, 'southwest': {'lat': 39.9908153697085, 'lng': -75.1433935302915}}}",https://maps.gstatic.com/mapfiles/place_api/icons/v1/png_71/cafe-71.png,#FF9E67,https://maps.gstatic.com/mapfiles/place_api/icons/v2/cafe_pinlet,Dunkin',{'open_now': True},"[{'height': 800, 'html_attributions': ['<a href=""https://maps.google.com/maps/contrib/101916316335263238021"">Dunkin&#39;</a>'], 'photo_reference': 'AW30NDxljbkN7lk59q8LJJA-xHmWd5eDOOZvKrqByR2CbkKUpaQ062PTziirhgFzcLDPn0QgRhUicMkFo48aC_FWo44jtNQPOX0FWOosL7sUBWi83kiI3Ugwgslg18Dzx18gUMfiDvz49GlUltMPgnOXVzfh4YsnvaDSzepHL-JgEijdyior', 'width': 1143}]",ChIJ83CppBzIxokRT-FvsI1N28Y,"{'compound_code': 'XVR5+R7 Philadelphia, PA, USA', 'global_code': '87F6XVR5+R7'}",1.0,3.8,ChIJ83CppBzIxokRT-FvsI1N28Y,GOOGLE,"['cafe', 'meal_takeaway', 'bakery', 'restaurant', 'food', 'point_of_interest', 'store', 'establishment']",898.0,"532 West Lehigh Avenue #46, Philadelphia",
OPERATIONAL,"{'location': {'lat': 40.00785279999999, 'lng': -75.1420041}, 'viewport': {'northeast': {'lat': 40.00927358029149, 'lng': -75.1406216697085}, 'southwest': {'lat': 40.0065756197085, 'lng': -75.1433196302915}}}",https://maps.gstatic.com/mapfiles/place_api/icons/v1/png_71/restaurant-71.png,#FF9E67,https://maps.gstatic.com/mapfiles/place_api/icons/v2/restaurant_pinlet,China Garden,{'open_now': True},"[{'height': 3024, 'html_attributions': ['<a href=""https://maps.google.com/maps/contrib/106711505014490301823"">Denzell Shuler</a>'], 'photo_reference': 'AW30NDy3zbC68EE_m-J1ZHWqiBcGV8mV3AQbwsCPEN5p7ATWFOqdzMbGaH1flK5P1yolPzHxkp_efqL__mxBOzD1W3UhKYYkubUr7vANbvEDfX7CK0kyW6Hr16Iovsiso9zUp846WcTPdazk7P1QrYUbcQjWcTNubjxCOC2uFqX-2R6NXc1Y', 'width': 4032}]",ChIJAwBQwu-3xokRAmZnQUKPEK4,"{'compound_code': '2V55+45 Philadelphia, PA, USA', 'global_code': '87G62V55+45'}",1.0,4.4,ChIJAwBQwu-3xokRAmZnQUKPEK4,GOOGLE,"['restaurant', 'food', 'point_of_interest', 'establishment']",171.0,"802 West Erie Avenue, Philadelphia",
OPERATIONAL,"{'location': {'lat': 39.99294469999999, 'lng': -75.14469}, 'viewport': {'northeast': {'lat': 39.9943724302915, 'lng': -75.1433198197085}, 'southwest': {'lat': 39.9916744697085, 'lng': -75.1460177802915}}}",https://maps.gstatic.com/mapfiles/place_api/icons/v1/png_71/restaurant-71.png,#FF9E67,https://maps.gstatic.com/mapfiles/place_api/icons/v2/restaurant_pinlet,Burger King,{'open_now': True},"[{'height': 1456, 'html_attributions': ['<a href=""https://maps.google.com/maps/contrib/104703627363724368189"">Joshua Nieves</a>'], 'photo_reference': 'AW30NDwDbekshpWMD6j4j1j1WncoFQwi4L27IU77GuHe3O4SPptJ8wttZaMN_84Ou5XMTwyPDPwE0uNt5L3Ov61r4cqYKgNZU_BJLpXT3W7L1sUMzyrIoWMyVlkcyAfNn7a7lJudgZyZPNQiVjkmIa4sXbSFgF-4G5o3qFRWP0syqrpRcwWi', 'width': 2592}]",ChIJCwrAaQPIxokR08or7-XIkMI,"{'compound_code': 'XVV4+54 Philadelphia, PA, USA', 'global_code': '87F6XVV4+54'}",1.0,3.4,ChIJCwrAaQPIxokR08or7-XIkMI,GOOGLE,"['restaurant', 'food', 'point_of_interest', 'establishment']",1159.0,"701 West Lehigh Avenue, Philadelphia",
OPERATIONAL,"{'location': {'lat': 40.00969610000001, 'lng': -75.1365454}, 'viewport': {'northeast': {'lat': 40.01109223029151, 'lng': -75.13522181970849}, 'southwest': {'lat': 40.00839426970851, 'lng': -75.13791978029151}}}",https://maps.gstatic.com/mapfiles/place_api/icons/v1/png_71/restaurant-71.png,#FF9E67,https://maps.gstatic.com/mapfiles/place_api/icons/v2/restaurant_pinlet,Porky's Point Restaurant,{'open_now': False},"[{'height': 1932, 'html_attributions': ['<a href=""https://maps.google.com/maps/contrib/113036221582822467663"">magaly ramos</a>'], 'photo_reference': 'AW30NDzT4U73u8yljRDI47lCPVMSnSoaXEpRENxPFLUPZT1_xopacyn2OWGjISAXS4BA3LzQEawwXYvDcvER2FuNaQXMRdnZSKS0UGxCMEzixFsRKUAirnNbUFiymwEtptWFej4A5quDQmifyczlo4IakGCu6aM9Yyv6seXNk4gzOdOuKne6', 'width': 2576}]",ChIJ2WwnNum3xokRSCzsXKzKdYw,"{'compound_code': '2V57+V9 Philadelphia, PA, USA', 'global_code': '87G62V57+V9'}",1.0,4.4,ChIJ2WwnNum3xokRSCzsXKzKdYw,GOOGLE,"['meal_takeaway', 'restaurant', 'food', 'point_of_interest', 'establishment']",1300.0,"3824 North 5th Street, Philadelphia",
OPERATIONAL,"{'location': {'lat': 39.9896091, 'lng': -75.12552149999999}, 'viewport': {'northeast': {'lat': 39.9910383302915, 'lng': -75.12422741970849}, 'southwest': {'lat': 39.9883403697085, 'lng': -75.12692538029151}}}",https://maps.gstatic.com/mapfiles/place_api/icons/v1/png_71/restaurant-71.png,#FF9E67,https://maps.gstatic.com/mapfiles/place_api/icons/v2/restaurant_pinlet,One Pound Cheese Steak,{'open_now': True},"[{'height': 959, 'html_attributions': ['<a href=""https://maps.google.com/maps/contrib/109922393911896886463"">One Pound Cheese Steak</a>'], 'photo_reference': 'AW30NDxxZ-yJq7MA_-36wOCHtPjQYnJ3NOwWYManWMzMqRjHSPpRagdwWTXAYf879QVP4kxPdaMbyYLI92dK4FxSI0Wj_z_rViiJQAEySuTNnYOOv37EFshCQitsIdyRv0UFdPBSCZiuROdajlQpu6f8dkpktRmak7NKRX9_WhayPWlsPwQ5', 'width': 1440}]",ChIJr0uxVSHIxokRwIqBTJnF4WM,"{'compound_code': 'XVQF+RQ Philadelphia, PA, USA', 'global_code': '87F6XVQF+RQ'}",1.0,4.2,ChIJr0uxVSHIxokRwIqBTJnF4WM,GOOGLE,"['restaurant', 'food', 'point_of_interest', 'establishment']",1315.0,"2661 Kensington Avenue, Philadelphia",
OPERATIONAL,"{'location': {'lat': 39.9926643, 'lng': -75.1481933}, 'viewport': {'northeast': {'lat': 39.9939986302915, 'lng': -75.1467530697085}, 'southwest': {'lat': 39.9913006697085, 'lng': -75.1494510302915}}}",https://maps.gstatic.com/mapfiles/place_api/icons/v1/png_71/restaurant-71.png,#FF9E67,https://maps.gstatic.com/mapfiles/place_api/icons/v2/restaurant_pinlet,Mister Johns,{'open_now': True},,ChIJYU2Y-QPIxokRAi232BHfqCA,"{'compound_code': 'XVV2+3P Philadelphia, PA, USA', 'global_code': '87F6XVV2+3P'}",,,ChIJYU2Y-QPIxokRAi232BHfqCA,GOOGLE,"['restaurant', 'food', 'point_of_interest', 'establishment']",,"2642 Germantown Avenue, Philadelphia",
OPERATIONAL,"{'location': {'lat': 40.0122627, 'lng': -75.13549569999999}, 'viewport': {'northeast': {'lat': 40.0135592802915, 'lng': -75.13417601970848}, 'southwest': {'lat': 40.0108613197085, 'lng': -75.1368739802915}}}",https://maps.gstatic.com/mapfiles/place_api/icons/v1/png_71/restaurant-71.png,#FF9E67,https://maps.gstatic.com/mapfiles/place_api/icons/v2/restaurant_pinlet,Taco Bell,{'open_now': True},"[{'height': 1080, 'html_attributions': ['<a href=""https://maps.google.com/maps/contrib/108800691566953005176"">Miyah Pelzer</a>'], 'photo_reference': 'AW30NDy9SwgBZ5ygQqQpFVe4ehzpIju8OvtuuBenzx-ztyR8Xy8PtEhrJ_nkGbiVV-EW0uqw-LNckY02MVT3TyWgG5OS4w1IYKDraobQ36XeLGALHPMJiagVtDr0L6ZfV1T1iS_Gp7TgiXrRebbh3TG7IPgImXfY22xOR4Zgsgbsqu8cCSj3', 'width': 1920}]",ChIJ3V4N6-u3xokRtE7Ym1MUw0k,"{'compound_code': '2V67+WR Philadelphia, PA, USA', 'global_code': '87G62V67+WR'}",1.0,3.3,ChIJ3V4N6-u3xokRtE7Ym1MUw0k,GOOGLE,"['meal_takeaway', 'restaurant', 'food', 'point_of_interest', 'establishment']",438.0,"4001 North 5th Street, Philadelphia",
OPERATIONAL,"{'location': {'lat': 40.0123459, 'lng': -75.1375645}, 'viewport': {'northeast': {'lat': 40.0137095802915, 'lng': -75.13633206970849}, 'southwest': {'lat': 40.0110116197085, 'lng': -75.13903003029151}}}",https://maps.gstatic.com/mapfiles/place_api/icons/v1/png_71/restaurant-71.png,#FF9E67,https://maps.gstatic.com/mapfiles/place_api/icons/v2/restaurant_pinlet,Golden House,{'open_now': True},"[{'height': 4032, 'html_attributions': ['<a href=""https://maps.google.com/maps/contrib/118416504187410452262"">Vaz Lynn</a>'], 'photo_reference': 'AW30NDw9eFJzVz7nA_FZyvfScepM1PzrSpl749Gam-WCKhdHr_C-GnG99apzEjR67ZEHHChWl6tE39OxBQqEA8HKKwixMsJnZIOMwFa9sHILLheO9_dirODWRFpUFie0LYik4jB7fl645hY-RIdvjbjMx9du_UeI9jWT5xPjE9wUJqTev06P', 'width': 3024}]",ChIJv48rDey3xokR4Y7AkIKtUAg,"{'compound_code': '2V66+WX Philadelphia, PA, USA', 'global_code': '87G62V66+WX'}",1.0,4.2,ChIJv48rDey3xokR4Y7AkIKtUAg,GOOGLE,"['meal_takeaway', 'restaurant', 'food', 'point_of_interest', 'establishment']",142.0,"4001 North 6th Street, Philadelphia",
OPERATIONAL,"{'location': {'lat': 39.9859808, 'lng': -75.1369339}, 'viewport': {'northeast': {'lat': 39.9873552302915, 'lng': -75.13578831970848}, 'southwest': {'lat': 39.98465726970851, 'lng': -75.1384862802915}}}",https://maps.gstatic.com/mapfiles/place_api/icons/v1/png_71/restaurant-71.png,#FF9E67,https://maps.gstatic.com/mapfiles/place_api/icons/v2/restaurant_pinlet,Yokohoma Seafood,{'open_now': True},"[{'height': 3024, 'html_attributions': ['<a href=""https://maps.google.com/maps/contrib/100578363142654799732"">夜市人生</a>'], 'photo_reference': 'AW30NDzEhIVWp5pdUjWCjvKK66IbJzpACYL8T-iAse-obriD9i_wrZrnN4MPwlZnj2GYhfVz7YFwoMI5yn4SlyJUAOq01yAhQK92aUAUMUUpZh2A0bp5c8uDFU5ltdouP6UyMPPKUXc_GDvyJ8VfWdq4TkgTyFctociuuNjhgMgZp6X5B0zc', 'width': 4032}]",ChIJ85ISDeq3xokRuW55fYoKdec,"{'compound_code': 'XVP7+96 Philadelphia, PA, USA', 'global_code': '87F6XVP7+96'}",,3.0,ChIJ85ISDeq3xokRuW55fYoKdec,GOOGLE,"['restaurant', 'food', 'point_of_interest', 'establishment']",2.0,"2301 North American Street, Philadelphia",
OPERATIONAL,"{'location': {'lat': 39.9958699, 'lng': -75.11408}, 'viewport': {'northeast': {'lat': 39.9972963302915, 'lng': -75.1128028697085}, 'southwest': {'lat': 39.99459836970851, 'lng': -75.11550083029151}}}",https://maps.gstatic.com/mapfiles/place_api/icons/v1/png_71/restaurant-71.png,#FF9E67,https://maps.gstatic.com/mapfiles/place_api/icons/v2/restaurant_pinlet,Koolae Restaurant,{'open_now': False},"[{'height': 3264, 'html_attributions': ['<a href=""https://maps.google.com/maps/contrib/101931144627472593505"">love life (Riefy)</a>'], 'photo_reference': 'AW30NDz1f4BB8wA1nIFarrXDCDYETWhhCNaPRp_UNB519QTTs8dFUTykrZPx7Gpqbr0REN7c4sJmUme5oRk0NCtkLkopbktLCFCGW44dOcbB5bqKfKgTRBdoDavvC-IzPYGUKD5jNNP8D2u7KJHyepzKjrr2DhWVX-rbwabLSKfffaEQib_k', 'width': 1836}]",ChIJOXcChda3xokRZvXRbFSyaCo,"{'compound_code': 'XVWP+89 Philadelphia, PA, USA', 'global_code': '87F6XVWP+89'}",1.0,4.2,ChIJOXcChda3xokRZvXRbFSyaCo,GOOGLE,"['restaurant', 'food', 'point_of_interest', 'establishment']",159.0,"3153 Kensington Avenue, Philadelphia",
OPERATIONAL,"{'location': {'lat': 39.9933446, 'lng': -75.1551866}, 'viewport': {'northeast': {'lat': 39.99469938029151, 'lng': -75.15370331970848}, 'southwest': {'lat': 39.99200141970851, 'lng': -75.15640128029149}}}",https://maps.gstatic.com/mapfiles/place_api/icons/v1/png_71/generic_business-71.png,#7B9EB0,https://maps.gstatic.com/mapfiles/place_api/icons/v2/generic_pinlet,Domino's Pizza,{'open_now': True},"[{'height': 1080, 'html_attributions': ['<a href=""https://maps.google.com/maps/contrib/105266555432402767018"">Domino&#39;s Pizza</a>'], 'photo_reference': 'AW30NDxDq5nqbm0HV2h7F0Npl9XTfVTYaly5w-Yqsh3n8VOD3pzd7niTClcGRHDj5Ob4OfZbzvZ3AyEC_9uZ6OIkytmIPYLyhdm1Fs_yYnIe670RZgFU7ny4iB3pGYj_CNaydYMpjlj-coiyB2hNB7et-bPOrDXzCqzV2DlkH_bvR8Pr-eoe', 'width': 1080}]",ChIJkdmNB_7HxokR43eRgvFKE0U,"{'compound_code': 'XRVV+8W Philadelphia, PA, USA', 'global_code': '87F6XRVV+8W'}",1.0,2.1,ChIJkdmNB_7HxokR43eRgvFKE0U,GOOGLE,"['meal_delivery', 'meal_takeaway', 'restaurant', 'food', 'point_of_interest', 'establishment']",721.0,"2628 North Broad Street, Philadelphia",
OPERATIONAL,"{'location': {'lat': 40.0022603, 'lng': -75.1531217}, 'viewport': {'northeast': {'lat': 40.0036902302915, 'lng': -75.1515797197085}, 'southwest': {'lat': 40.0009922697085, 'lng': -75.15427768029151}}}",https://maps.gstatic.com/mapfiles/place_api/icons/v1/png_71/shopping-71.png,#4B96F3,https://maps.gstatic.com/mapfiles/place_api/icons/v2/shopping_pinlet,Philly Pretzel Factory,{'open_now': False},"[{'height': 3120, 'html_attributions': ['<a href=""https://maps.google.com/maps/contrib/116412225839593789667"">Arley Townsend</a>'], 'photo_reference': 'AW30NDwu-EcbDfVxJjoAfj3K-IX9GJj0Oo77KIvkh5ChFAzDGAf4w3Y5s8fvtlot_u2T_X1J_3vNeY22zi4O8SdPH8KddS-fHhugnGCyWBuy5VRF3jh4L5_inHmSA_GSqCEyoeqfX93pLdeDxFr4ODg_WzTYsCIczsHhmnVGdkKzTdMkf-GB', 'width': 4160}]",ChIJ5QnkN_-3xokRuSI_6VGgkds,"{'compound_code': '2R2W+WQ Philadelphia, PA, USA', 'global_code': '87G62R2W+WQ'}",1.0,4.4,ChIJ5QnkN_-3xokRuSI_6VGgkds,GOOGLE,"['bakery', 'restaurant', 'food', 'store', 'point_of_interest', 'establishment']",103.0,"3220 North Broad Street, Philadelphia",
OPERATIONAL,"{'location': {'lat': 39.988494, 'lng': -75.1467972}, 'viewport': {'northeast': {'lat': 39.9898495802915, 'lng': -75.1453322197085}, 'southwest': {'lat': 39.9871516197085, 'lng': -75.1480301802915}}}",https://maps.gstatic.com/mapfiles/place_api/icons/v1/png_71/shopping-71.png,#4B96F3,https://maps.gstatic.com/mapfiles/place_api/icons/v2/shopping_pinlet,Blazin Flavorz Inc,{'open_now': False},"[{'height': 408, 'html_attributions': ['<a href=""https://maps.google.com/maps/contrib/110128873466184461511"">Blazin Flavorz Inc</a>'], 'photo_reference': 'AW30NDzMC6kMrJGnhtZswMWjBdWVZFIJQbQp9fygAdjzoqgyYl2IOudnQy0cwt1oN4i8QmASxqnabe0dSg8dWytDqz_lG6MiU4rG7WbOPgztCbRvR1Z3JRUhe51CuVF-EjyDwHGOU16cJ8sO9-DXPcH1j36C5DSq3H-wgEQHgzu7JVkfWM2i', 'width': 726}]",ChIJ-UuNvQXIxokRy-sAr0IpBn8,"{'compound_code': 'XVQ3+97 Philadelphia, PA, USA', 'global_code': '87F6XVQ3+97'}",1.0,4.6,ChIJ-UuNvQXIxokRy-sAr0IpBn8,GOOGLE,"['restaurant', 'food', 'store', 'point_of_interest', 'establishment']",433.0,"2406 Germantown Avenue, Philadelphia",
OPERATIONAL,"{'location': {'lat': 40.0089888, 'lng': -75.15061419999999}, 'viewport': {'northeast': {'lat': 40.0103602302915, 'lng': -75.14933366970848}, 'southwest': {'lat': 40.0076622697085, 'lng': -75.1520316302915}}}",https://maps.gstatic.com/mapfiles/place_api/icons/v1/png_71/restaurant-71.png,#FF9E67,https://maps.gstatic.com/mapfiles/place_api/icons/v2/restaurant_pinlet,Max's Steaks,{'open_now': True},"[{'height': 480, 'html_attributions': ['<a href=""https://maps.google.com/maps/contrib/101063723284727364221"">James Galvin</a>'], 'photo_reference': 'AW30NDz4geNRKDx4FaZ9CRf3hyv7xh4futu2aEPM4i6EVlD04H0AZD_FQIPiNO9lRZShAvcqvMm_QkBTGXo4EET_nnBwtYv53xDUGL9sNi9jMvpHF54dBZvw26bjlvRidyt2p35NumvMziYYbImVNyaCWZ__sK3G5tb4p2kQzbNWoimdm_ol', 'width': 640}]",ChIJnR06a_e3xokRA_uxlXkrMsI,"{'compound_code': '2R5X+HQ Philadelphia, PA, USA', 'global_code': '87G62R5X+HQ'}",1.0,4.3,ChIJnR06a_e3xokRA_uxlXkrMsI,GOOGLE,"['bar', 'restaurant', 'food', 'point_of_interest', 'establishment']",5531.0,"3653 Germantown Avenue, Philadelphia",
OPERATIONAL,"{'location': {'lat': 39.9961845, 'lng': -75.1537058}, 'viewport': {'northeast': {'lat': 39.99755508029149, 'lng': -75.15252596970849}, 'southwest': {'lat': 39.9948571197085, 'lng': -75.1552239302915}}}",https://maps.gstatic.com/mapfiles/place_api/icons/v1/png_71/restaurant-71.png,#FF9E67,https://maps.gstatic.com/mapfiles/place_api/icons/v2/restaurant_pinlet,Vito's Pizza & Grill,{'open_now': True},"[{'height': 4032, 'html_attributions': ['<a href=""https://maps.google.com/maps/contrib/104952119488292578060"">Matthew Unlocked</a>'], 'photo_reference': 'AW30NDzsdGEEl6oR2jrAfnknGhx2wf2Uk3Ss5o751gaquxsSc7DWOZ6wdB_IhVNMcOIQVfjmBh4cdPV122P0UTL9UcDM1KtqLiqpFeA6QDoI1KwPCM10fllNXGAZ0h5ccKowvaVXvF8yC_90fSsa8lPeVR3k-AIVFEZIkjhgOXTsxKzsQ6z_', 'width': 3024}]",ChIJcWoUZQDIxokRrtMuq2ktQYM,"{'compound_code': 'XRWW+FG Philadelphia, PA, USA', 'global_code': '87F6XRWW+FG'}",2.0,3.6,ChIJcWoUZQDIxokRrtMuq2ktQYM,GOOGLE,"['meal_takeaway', 'meal_delivery', 'restaurant', 'food', 'point_of_interest', 'establishment']",270.0,"2821 North Broad Street, Philadelphia",
OPERATIONAL,"{'location': {'lat': 39.9911457, 'lng': -75.1314842}, 'viewport': {'northeast': {'lat': 39.99250833029149, 'lng': -75.1300915197085}, 'southwest': {'lat': 39.98981036970849, 'lng': -75.1327894802915}}}",https://maps.gstatic.com/mapfiles/place_api/icons/v1/png_71/restaurant-71.png,#FF9E67,https://maps.gstatic.com/mapfiles/place_api/icons/v2/restaurant_pinlet,El Principe Restaurant,{'open_now': True},"[{'height': 1148, 'html_attributions': ['<a href=""https://maps.google.com/maps/contrib/110851313002068732320"">El Principe Restaurant</a>'], 'photo_reference': 'AW30NDxIeMNuI_RunKsHTJDwRTZ-QeRhf6iC3b452APBQjJLAwM1Wq4g5RshFgt9eNnyi8Y3CJ0P7dSATe2J1ItqnwVE6Yr5UaEBpxFT3Q3KAzeG2MdyR6QG5UzFlM4BB5khuvVjIMPGPS4xIVOGWeFwQurhLAuyg0m5gkxpJP8L4q9kj_dD', 'width': 1280}]",ChIJCfvC6CHIxokRoqQXW3m2AXU,"{'compound_code': 'XVR9+FC Philadelphia, PA, USA', 'global_code': '87F6XVR9+FC'}",1.0,4.1,ChIJCfvC6CHIxokRoqQXW3m2AXU,GOOGLE,"['meal_delivery', 'restaurant', 'food', 'point_of_interest', 'establishment']",994.0,"115 West Lehigh Avenue, Philadelphia",
OPERATIONAL,"{'location': {'lat': 39.9849083, 'lng': -75.1241752}, 'viewport': {'northeast': {'lat': 39.9862776302915, 'lng': -75.12288281970848}, 'southwest': {'lat': 39.9835796697085, 'lng': -75.1255807802915}}}",https://maps.gstatic.com/mapfiles/place_api/icons/v1/png_71/restaurant-71.png,#FF9E67,https://maps.gstatic.com/mapfiles/place_api/icons/v2/restaurant_pinlet,Fiore Shake & Steak,{'open_now': True},"[{'height': 4080, 'html_attributions': ['<a href=""https://maps.google.com/maps/contrib/117032415978263201496"">fourleafgg</a>'], 'photo_reference': 'AW30NDxj1JCqCFKaBVDbm_LVuiIoWIuVHUKps0i1FFbaS-_UBOFJQkI9ZGPn2trcc_9S-cvkk9OCVY5HCHGghkW0NPgRGlXxSbLCR4E9w9ScAXnB6dOYG8xL2jykb-X1VVlIdgCDkr0pSCZil90D00ZXb5iDDWGcaucBAPxT8B7s5SgqSnf9', 'width': 3072}]",ChIJbesdsiTIxokRyMHeeQeoqQg,"{'compound_code': 'XVMG+X8 Philadelphia, PA, USA', 'global_code': '87F6XVMG+X8'}",1.0,4.2,ChIJbesdsiTIxokRyMHeeQeoqQg,GOOGLE,"['meal_takeaway', 'restaurant', 'food', 'point_of_interest', 'establishment']",429.0,"2573 Frankford Avenue, Philadelphia",
CLOSED_TEMPORARILY,"{'location': {'lat': 40.00897620000001, 'lng': -75.1473163}, 'viewport': {'northeast': {'lat': 40.01033788029149, 'lng': -75.1460944197085}, 'southwest': {'lat': 40.0076399197085, 'lng': -75.14879238029151}}}",https://maps.gstatic.com/mapfiles/place_api/icons/v1/png_71/bar-71.png,#FF9E67,https://maps.gstatic.com/mapfiles/place_api/icons/v2/bar_pinlet,The Black Pearl Restaurant & Bar,,"[{'height': 2048, 'html_attributions': ['<a href=""https://maps.google.com/maps/contrib/107284759232928062278"">The Black Pearl Restaurant &amp; Bar</a>'], 'photo_reference': 'AW30NDwqIHKlAZc8FKrEcIExIgzkJy2hfvucYslNY5BEMXRXymjnXJkYTN743KRLyJGVvdlVTVJesWzPz_iQ3b08oCxgiwwv5gTp7u7INbe80E7KAEFCFIGCElPkYK1eanoYsHHPGrZaamn1fByvEV0oeY47HBx1_cuKYv5kzLM9XPHBSZWk', 'width': 1536}]",ChIJzTgZwvC3xokRg0WMhH9DmIw,"{'compound_code': '2V53+H3 Philadelphia, PA, USA', 'global_code': '87G62V53+H3'}",2.0,4.3,ChIJzTgZwvC3xokRg0WMhH9DmIw,GOOGLE,"['bar', 'restaurant', 'food', 'point_of_interest', 'establishment']",110.0,"3701 Old York Road, Philadelphia",True
OPERATIONAL,"{'location': {'lat': 39.9835612, 'lng': -75.12587979999999}, 'viewport': {'northeast': {'lat': 39.9848471802915, 'lng': -75.1244204697085}, 'southwest': {'lat': 39.9821492197085, 'lng': -75.1271184302915}}}",https://maps.gstatic.com/mapfiles/place_api/icons/v1/png_71/restaurant-71.png,#FF9E67,https://maps.gstatic.com/mapfiles/place_api/icons/v2/restaurant_pinlet,OG Pizza,{'open_now': True},"[{'height': 1440, 'html_attributions': ['<a href=""https://maps.google.com/maps/contrib/103640534176815011562"">serge leboir</a>'], 'photo_reference': 'AW30NDzGhi9eg0Be-oWUI09eBCZBfNi4P7DhB-BG9Cq1M_mP7G-P_WVSTh4q4zbU_2MvhiTHaaIMc2ZuFS3G-h9TtxUlMWpXTrfrj8AP9JoZ0ngJVec9nv70vVRuK0Q5xDsBr2Py7UZpHmvpZuhOSptD0gNMtooVyUHZhxtMlRoP_xbaBe7_', 'width': 2560}]",ChIJD8N8pDzIxokRjTW7ucdkTfk,"{'compound_code': 'XVMF+CJ Philadelphia, PA, USA', 'global_code': '87F6XVMF+CJ'}",1.0,4.5,ChIJD8N8pDzIxokRjTW7ucdkTfk,GOOGLE,"['meal_delivery', 'restaurant', 'food', 'point_of_interest', 'establishment']",706.0,"2500 Frankford Avenue, Philadelphia",
OPERATIONAL,"{'location': {'lat': 39.9982625, 'lng': -75.1106238}, 'viewport': {'northeast': {'lat': 39.9995277302915, 'lng': -75.10919556970849}, 'southwest': {'lat': 39.9968297697085, 'lng': -75.11189353029151}}}",https://maps.gstatic.com/mapfiles/place_api/icons/v1/png_71/restaurant-71.png,#FF9E67,https://maps.gstatic.com/mapfiles/place_api/icons/v2/restaurant_pinlet,Rosarios Chicken Mini Market,{'open_now': False},,ChIJZb68d9O3xokRbCOIPpGzVRc,"{'compound_code': 'XVXQ+8Q Philadelphia, PA, USA', 'global_code': '87F6XVXQ+8Q'}",,,ChIJZb68d9O3xokRbCOIPpGzVRc,GOOGLE,"['restaurant', 'food', 'point_of_interest', 'establishment']",,"3308 Kensington Avenue, Philadelphia",
OPERATIONAL,"{'location': {'lat': 40.009527, 'lng': -75.1398995}, 'viewport': {'northeast': {'lat': 40.01088923029149, 'lng': -75.13865796970849}, 'southwest': {'lat': 40.0081912697085, 'lng': -75.14135593029151}}}",https://maps.gstatic.com/mapfiles/place_api/icons/v1/png_71/restaurant-71.png,#FF9E67,https://maps.gstatic.com/mapfiles/place_api/icons/v2/restaurant_pinlet,China Kitchen,{'open_now': True},"[{'height': 2888, 'html_attributions': ['<a href=""https://maps.google.com/maps/contrib/108901244322020302227"">Jnice</a>'], 'photo_reference': 'AW30NDy8FWZxAlY4jm_SCFbTTh30QtSe_RBkfKF7yCeGG4tpX3UhQ-Kj8X8pOVP-CEFNl-tcXps3OO20W60lEHdtvpkpBAnyNOFcON7Y3w_YZk4hhhDl2N01MCwfuOWynLea-F4N0XyC721uNuDXyG_0hF-E9OWitUJcJzLgxemSUHN455MA', 'width': 2358}]",ChIJRx4LV-63xokR6MkfVTXNpAM,"{'compound_code': '2V56+R2 Philadelphia, PA, USA', 'global_code': '87G62V56+R2'}",1.0,3.8,ChIJRx4LV-63xokR6MkfVTXNpAM,GOOGLE,"['restaurant', 'food', 'point_of_interest', 'establishment']",32.0,"3801 North 7th Street, Philadelphia",
OPERATIONAL,"{'location': {'lat': 39.9990123, 'lng': -75.109059}, 'viewport': {'northeast': {'lat': 40.0004010802915, 'lng': -75.1076985197085}, 'southwest': {'lat': 39.9977031197085, 'lng': -75.11039648029151}}}",https://maps.gstatic.com/mapfiles/place_api/icons/v1/png_71/restaurant-71.png,#FF9E67,https://maps.gstatic.com/mapfiles/place_api/icons/v2/restaurant_pinlet,Sherry’s Restaurant,{'open_now': False},"[{'height': 2988, 'html_attributions': ['<a href=""https://maps.google.com/maps/contrib/101918270482322707803"">LAH Bardales</a>'], 'photo_reference': 'AW30NDw6O29Ky4uq9cVq33xa2fzLxm1btCySO8tPWzLhW_2G6bQwNH0i58Xv4AJP7XwhFook_by6s4fwmQ7SaZzsnCvdmOPimBbtGTpPIzZyBZJyBtp0Vqs_rKU001xXBCQQAsiepVOHq5NpYsclda3f-rMzQH3y7LBNfsBAlvANs3UK10eP', 'width': 5312}]",ChIJh9UPPNO3xokRdWlE14wFg94,"{'compound_code': 'XVXR+J9 Philadelphia, PA, USA', 'global_code': '87F6XVXR+J9'}",1.0,4.2,ChIJh9UPPNO3xokRdWlE14wFg94,GOOGLE,"['restaurant', 'food', 'point_of_interest', 'establishment']",436.0,"3376 Kensington Avenue, Philadelphia",
OPERATIONAL,"{'location': {'lat': 39.9831503, 'lng': -75.13290549999999}, 'viewport': {'northeast': {'lat': 39.9845586802915, 'lng': -75.13154366970849}, 'southwest': {'lat': 39.9818607197085, 'lng': -75.1342416302915}}}",https://maps.gstatic.com/mapfiles/place_api/icons/v1/png_71/restaurant-71.png,#FF9E67,https://maps.gstatic.com/mapfiles/place_api/icons/v2/restaurant_pinlet,Ming River Chinese Restaurant,{'open_now': True},"[{'height': 3024, 'html_attributions': ['<a href=""https://maps.google.com/maps/contrib/114184543572260181024"">Сергей Гидра</a>'], 'photo_reference': 'AW30NDxtB90K9HMZq8ga--vGiK-f9bLr9sm6jX-41yJcBcKRAOpXBj5oiYY6yoiFGYqN-_NykK-xfNaFRwn712_myWGoESMug3XVi3ardx4AN-InBBK4Zf1d10kldX69ad8qoDihUxVoQqWPumwk4015HOoadU9gbSfJLqbR1rPnEOjFLehT', 'width': 4032}]",ChIJt99ytBfIxokRlhu7vjwlHLs,"{'compound_code': 'XVM8+7R Philadelphia, PA, USA', 'global_code': '87F6XVM8+7R'}",1.0,3.8,ChIJt99ytBfIxokRlhu7vjwlHLs,GOOGLE,"['restaurant', 'food', 'point_of_interest', 'establishment']",55.0,"108 West Susquehanna Avenue, Philadelphia",
OPERATIONAL,"{'location': {'lat': 39.9831378, 'lng': -75.1230061}, 'viewport': {'northeast': {'lat': 39.9845575302915, 'lng': -75.12171421970848}, 'southwest': {'lat': 39.9818595697085, 'lng': -75.1244121802915}}}",https://maps.gstatic.com/mapfiles/place_api/icons/v1/png_71/generic_business-71.png,#7B9EB0,https://maps.gstatic.com/mapfiles/place_api/icons/v2/generic_pinlet,TNC 2,{'open_now': True},"[{'height': 3500, 'html_attributions': ['<a href=""https://maps.google.com/maps/contrib/103764332768257335098"">TNC 2</a>'], 'photo_reference': 'AW30NDxt7AQ8qjvP5fz9C42qoM19k-Sk269lqt_c6LqOi6gJRoFM1164g3Nc_AzMM93laKiGu9pZZI0Oj6Fb2kHi42Oci9cjxXfTJW2vvkYSgj8apJBNprMmnNBb74-3ZwWJRy5ZOSOuKj1RU9hbLdG4dS4zJ96QE8xz1Uc1QaRRGDAgzSA7', 'width': 5250}]",ChIJD017IzvIxokRxdqWCOaA1wk,"{'compound_code': 'XVMG+7Q Philadelphia, PA, USA', 'global_code': '87F6XVMG+7Q'}",2.0,4.3,ChIJD017IzvIxokRxdqWCOaA1wk,GOOGLE,"['meal_delivery', 'meal_takeaway', 'restaurant', 'food', 'point_of_interest', 'establishment']",125.0,"2563 Trenton Avenue, Philadelphia",
CLOSED_TEMPORARILY,"{'location': {'lat': 39.9911918, 'lng': -75.1356804}, 'viewport': {'northeast': {'lat': 39.99254053029149, 'lng': -75.1343302697085}, 'southwest': {'lat': 39.9898425697085, 'lng': -75.1370282302915}}}",https://maps.gstatic.com/mapfiles/place_api/icons/v1/png_71/restaurant-71.png,#FF9E67,https://maps.gstatic.com/mapfiles/place_api/icons/v2/restaurant_pinlet,Checkers,,"[{'height': 1966, 'html_attributions': ['<a href=""https://maps.google.com/maps/contrib/101237998796827214446"">Checkers</a>'], 'photo_reference': 'AW30NDxSwkJF5ZnrfAJzEM6YNPXxJIY7WQgkUj6LnGO_X0HBWdrvjb12X12yOVFS4G9C_PKYkZz05RVtcphUJl5VJOsk0Jl__SiUlnJ4XDruA5mbAVZyFo-bdFX4EM4YSYis9JXTnooT6Vl7XuKahUUxSzGLPCgUibjb9H8wEzFqrixG8zDv', 'width': 2795}]",ChIJ6xvPuR7IxokRBkAaVsG6o2E,"{'compound_code': 'XVR7+FP Philadelphia, PA, USA', 'global_code': '87F6XVR7+FP'}",1.0,3.4,ChIJ6xvPuR7IxokRBkAaVsG6o2E,GOOGLE,"['restaurant', 'food', 'point_of_interest', 'establishment']",351.0,"232-50 West Lehigh Avenue, Philadelphia",True
CLOSED_TEMPORARILY,"{'location': {'lat': 39.99362439999999, 'lng': -75.1400859}, 'viewport': {'northeast': {'lat': 39.9950058302915, 'lng': -75.1386758697085}, 'southwest': {'lat': 39.9923078697085, 'lng': -75.14137383029151}}}",https://maps.gstatic.com/mapfiles/place_api/icons/v1/png_71/restaurant-71.png,#FF9E67,https://maps.gstatic.com/mapfiles/place_api/icons/v2/restaurant_pinlet,El Bohio,,"[{'height': 1960, 'html_attributions': ['<a href=""https://maps.google.com/maps/contrib/102693470229901229257"">sonia colon</a>'], 'photo_reference': 'AW30NDy6BbQwRl6xePsrfeCpWczYWViJWpfC3-W_naX-HrLnCFD2F-9ioxeERaWtFLz352sKGTiPKA3fnj-f7I9FxGDdP_bhqWwIgAmYLTHm7XxtI0y0sUUi88mId47Gv2f3M8Qwa-I3X5A5230ttcGnRkAIyE7eK6ZPHD-iwCe0L4rphcrx', 'width': 4032}]",ChIJw7DG9xzIxokR_D98b0ya46I,"{'compound_code': 'XVV5+CX Philadelphia, PA, USA', 'global_code': '87F6XVV5+CX'}",1.0,4.2,ChIJw7DG9xzIxokR_D98b0ya46I,GOOGLE,"['restaurant', 'food', 'point_of_interest', 'establishment']",157.0,"2746 North 5th Street, Philadelphia",True
OPERATIONAL,"{'location': {'lat': 40.0187007, 'lng': -75.1285943}, 'viewport': {'northeast': {'lat': 40.0201462802915, 'lng': -75.1272119697085}, 'southwest': {'lat': 40.0174483197085, 'lng': -75.12990993029152}}}",https://maps.gstatic.com/mapfiles/place_api/icons/v1/png_71/generic_business-71.png,#7B9EB0,https://maps.gstatic.com/mapfiles/place_api/icons/v2/generic_pinlet,A Z Gourmet,{'open_now': False},,ChIJH5t1YL63xokRXKVflfryfVQ,"{'compound_code': '2V9C+FH Philadelphia, PA, USA', 'global_code': '87G62V9C+FH'}",,,ChIJH5t1YL63xokRXKVflfryfVQ,GOOGLE,"['restaurant', 'food', 'point_of_interest', 'establishment']",,"176 West Wingohocking Street, Philadelphia",
OPERATIONAL,"{'location': {'lat': 40.0026301, 'lng': -75.1378489}, 'viewport': {'northeast': {'lat': 40.0039802802915, 'lng': -75.1365049697085}, 'southwest': {'lat': 40.0012823197085, 'lng': -75.13920293029152}}}",https://maps.gstatic.com/mapfiles/place_api/icons/v1/png_71/shopping-71.png,#4B96F3,https://maps.gstatic.com/mapfiles/place_api/icons/v2/shoppingcart_pinlet,La Familia Latina Supermarket,{'open_now': True},"[{'height': 1280, 'html_attributions': ['<a href=""https://maps.google.com/maps/contrib/100210341543064565826"">La Familia Latina Supermarket</a>'], 'photo_reference': 'AW30NDxHSHnHxHfGKr3RFrKrwGHc4WO6u9rBE7Z3pxmbLzIkYfm1TdUOVM58qqOLNpDMafaNWulbXcuLrkzrfMoMCWF2sOdJNHopgWrv5SrAhiDNoDB45MnEvpRFMykUKpoCTE-oTs_9wExIM7y8CG-R0HqPd6sD_mzs88A4ZOeSEfFa9Oxk', 'width': 1280}]",ChIJKxivPOS3xokREbklDpXeR0A,"{'compound_code': '2V36+3V Philadelphia, PA, USA', 'global_code': '87G62V36+3V'}",,4.5,ChIJKxivPOS3xokREbklDpXeR0A,GOOGLE,"['grocery_or_supermarket', 'supermarket', 'restaurant', 'food', 'point_of_interest', 'finance', 'store', 'establishment']",6.0,"3357 North 5th Street, Philadelphia",
OPERATIONAL,"{'location': {'lat': 39.992651, 'lng': -75.1207747}, 'viewport': {'northeast': {'lat': 39.9939231802915, 'lng': -75.11935481970849}, 'southwest': {'lat': 39.9912252197085, 'lng': -75.1220527802915}}}",https://maps.gstatic.com/mapfiles/place_api/icons/v1/png_71/restaurant-71.png,#FF9E67,https://maps.gstatic.com/mapfiles/place_api/icons/v2/restaurant_pinlet,Tracy Chinese Restaurant,{'open_now': True},"[{'height': 829, 'html_attributions': ['<a href=""https://maps.google.com/maps/contrib/107086914984185500308"">Bill Coffey</a>'], 'photo_reference': 'AW30NDwTlWqPYize3RV9IwafBeiaoAIPqsmFen41xOXuCrrCYKj57bRSMsCiZH_XOG1iFo8YNXsm2J2nEOu6ax-LVNAJOmn96FbxkKPaCE_fPrMiHPii7fjC_pvtL94myWXSp5-SfOOywWl51NMD68jtcTc-IdrvY7YfWvJKeV3UKiJZuRca', 'width': 1000}]",ChIJ5UGF6ifIxokRrYGiFqigrgI,"{'compound_code': 'XVVH+3M Philadelphia, PA, USA', 'global_code': '87F6XVVH+3M'}",1.0,4.3,ChIJ5UGF6ifIxokRrYGiFqigrgI,GOOGLE,"['restaurant', 'food', 'point_of_interest', 'establishment']",135.0,"2864 Kensington Avenue, Philadelphia",
OPERATIONAL,"{'location': {'lat': 40.00012439999999, 'lng': -75.1400637}, 'viewport': {'northeast': {'lat': 40.0014639802915, 'lng': -75.1386602197085}, 'southwest': {'lat': 39.9987660197085, 'lng': -75.1413581802915}}}",https://maps.gstatic.com/mapfiles/place_api/icons/v1/png_71/restaurant-71.png,#FF9E67,https://maps.gstatic.com/mapfiles/place_api/icons/v2/restaurant_pinlet,Allegheny Kitchen,{'open_now': True},"[{'height': 3096, 'html_attributions': ['<a href=""https://maps.google.com/maps/contrib/108610927397178387936"">Pinky Doo Ramirez</a>'], 'photo_reference': 'AW30NDzei1xjT7IMAy79qGcxVESzbtht9L8GpFqUap7zkgdLyklxPodl7yIcUqPPZeOlrZExqTBFZrc8X3s_34LdCFwjuh9J8QBVz8r129A532Dtzo1hxqJz8OYItWEI5P5ZKGRfsDX_SLDE0upy5ZkI7xsIvvKEz-VgD89LPjfu0FaE9OIP', 'width': 4128}]",ChIJgyQ5deO3xokRKisWy-JioiQ,"{'compound_code': '2V25+2X Philadelphia, PA, USA', 'global_code': '87G62V25+2X'}",,4.3,ChIJgyQ5deO3xokRKisWy-JioiQ,GOOGLE,"['restaurant', 'food', 'point_of_interest', 'establishment']",48.0,"3200 North Fairhill Street, Philadelphia",
OPERATIONAL,"{'location': {'lat': 39.9942039, 'lng': -75.13146929999999}, 'viewport': {'northeast': {'lat': 39.9955412802915, 'lng': -75.1300231697085}, 'southwest': {'lat': 39.9928433197085, 'lng': -75.1327211302915}}}",https://maps.gstatic.com/mapfiles/place_api/icons/v1/png_71/restaurant-71.png,#FF9E67,https://maps.gstatic.com/mapfiles/place_api/icons/v2/restaurant_pinlet,Oriental Sun,{'open_now': True},,ChIJw_0-9B_IxokRWfwAv6ghyzI,"{'compound_code': 'XVV9+MC Philadelphia, PA, USA', 'global_code': '87F6XVV9+MC'}",,3.6,ChIJw_0-9B_IxokRWfwAv6ghyzI,GOOGLE,"['restaurant', 'food', 'point_of_interest', 'establishment']",27.0,"2900 North Howard Street, Philadelphia",
OPERATIONAL,"{'location': {'lat': 40.0089308, 'lng': -75.1505811}, 'viewport': {'northeast': {'lat': 40.0102700802915, 'lng': -75.1493016697085}, 'southwest': {'lat': 40.0075721197085, 'lng': -75.15199963029151}}}",https://maps.gstatic.com/mapfiles/place_api/icons/v1/png_71/restaurant-71.png,#FF9E67,https://maps.gstatic.com/mapfiles/place_api/icons/v2/restaurant_pinlet,Erie Square Restaurants,{'open_now': False},"[{'height': 292, 'html_attributions': ['<a href=""https://maps.google.com/maps/contrib/107352980106929573850"">Christopher Smith</a>'], 'photo_reference': 'AW30NDzG5nol4wCTE9f00igCxSsZOaxtI_IIdYHil7AdjBPQYbZ11ET1Q6TQUK6-fQ_zre5VLgWButHBGCXMwRSfzghJDiALOnSkZWkrQoe6y_E1dwxgGAIemAOI40RSSJDzItIpDXLiBg704-hEpKwQezZyxtRu56MmQqOKOKjDEjTvBGT9', 'width': 590}]",ChIJN5Fta_e3xokRMUh0aiqau0M,"{'compound_code': '2R5X+HQ Philadelphia, PA, USA', 'global_code': '87G62R5X+HQ'}",1.0,4.0,ChIJN5Fta_e3xokRMUh0aiqau0M,GOOGLE,"['restaurant', 'food', 'point_of_interest', 'establishment']",220.0,"3651 Germantown Avenue, Philadelphia",
OPERATIONAL,"{'location': {'lat': 39.9971027, 'lng': -75.1119167}, 'viewport': {'northeast': {'lat': 39.99851603029149, 'lng': -75.11062766970849}, 'southwest': {'lat': 39.99581806970849, 'lng': -75.1133256302915}}}",https://maps.gstatic.com/mapfiles/place_api/icons/v1/png_71/restaurant-71.png,#FF9E67,https://maps.gstatic.com/mapfiles/place_api/icons/v2/restaurant_pinlet,G & B,{'open_now': False},"[{'height': 1920, 'html_attributions': ['<a href=""https://maps.google.com/maps/contrib/109974582808765162696"">Miguel Angel Crespo Jr (cmiggs457)</a>'], 'photo_reference': 'AW30NDwjALMNauiz-ZTnf9oYSRZfivSCZfgzNOBNj8WHefyWi5H03f5YPP3a7tNrdDmotD7kYDBt09iixrL67H3kFqo16XDuIz2i2y-X90RHJXLCOg5h1RHQjjCIrLarImO-01PZl9kVdvBUjAemNoA9VuTST_z6kGtwJyT2MD7nDeBHEZ4N', 'width': 1080}]",ChIJHxcJctS3xokRtXKI08WsjVY,"{'compound_code': 'XVWQ+R6 Philadelphia, PA, USA', 'global_code': '87F6XVWQ+R6'}",,3.9,ChIJHxcJctS3xokRtXKI08WsjVY,GOOGLE,"['restaurant', 'food', 'point_of_interest', 'establishment']",19.0,"3241 Kensington Avenue, Philadelphia",
OPERATIONAL,"{'location': {'lat': 39.9825986, 'lng': -75.12049739999999}, 'viewport': {'northeast': {'lat': 39.9839833302915, 'lng': -75.11924421970849}, 'southwest': {'lat': 39.9812853697085, 'lng': -75.1219421802915}}}",https://maps.gstatic.com/mapfiles/place_api/icons/v1/png_71/bar-71.png,#FF9E67,https://maps.gstatic.com/mapfiles/place_api/icons/v2/bar_pinlet,Cook and Shaker,{'open_now': False},"[{'height': 3024, 'html_attributions': ['<a href=""https://maps.google.com/maps/contrib/116864690498891114594"">Jeff Kleger</a>'], 'photo_reference': 'AW30NDze7By9jD7GgjYnFx6aJYsEodLvtgrZ8FMuuXInb4etcaQebQoNF2fjEt5iypae_6ZVu3YhBGDtWvtXtBF6wXmGwUU7UNbL1mlOtNRsd7lOMt6iQXOMjGhzJT5xznVGgpTIdQkPFv-AhXZT5dIDdo3crGhchAgpGxDbh8RzLsa64cDv', 'width': 4032}]",ChIJ-7DBmjrIxokR1tcnGGm4Ntw,"{'compound_code': 'XVMH+2R Philadelphia, PA, USA', 'global_code': '87F6XVMH+2R'}",2.0,4.6,ChIJ-7DBmjrIxokR1tcnGGm4Ntw,GOOGLE,"['bar', 'restaurant', 'food', 'point_of_interest', 'establishment']",368.0,"2301 East Albert Street, Philadelphia",
OPERATIONAL,"{'location': {'lat': 39.99104199999999, 'lng': -75.13533199999999}, 'viewport': {'northeast': {'lat': 39.99241423029149, 'lng': -75.13389036970848}, 'southwest': {'lat': 39.9897162697085, 'lng': -75.1365883302915}}}",https://maps.gstatic.com/mapfiles/place_api/icons/v1/png_71/restaurant-71.png,#FF9E67,https://maps.gstatic.com/mapfiles/place_api/icons/v2/restaurant_pinlet,McDonald's,{'open_now': True},"[{'height': 2322, 'html_attributions': ['<a href=""https://maps.google.com/maps/contrib/110751785398482110974"">Jerry grizzly</a>'], 'photo_reference': 'AW30NDxt1pDEZbf21TZmZucs8tDx4oex1Y_F-B8hVSuPKSifHCsgVv6xik_L0gm5-IC229396wfGIoNKDueO5Tq9lVcJXiwdGPdDPucz5Sh3g7UfJWkUrCXCvdwmUq1nDs9CkuzQ2nORMznBXWlbHxKRjsFuTjnOmD1rsw-cphOr4kSK0xMo', 'width': 4128}]",ChIJbzNtxR7IxokRh4YOS2ox3e0,"{'compound_code': 'XVR7+CV Philadelphia, PA, USA', 'global_code': '87F6XVR7+CV'}",1.0,3.4,ChIJbzNtxR7IxokRh4YOS2ox3e0,GOOGLE,"['cafe', 'restaurant', 'food', 'point_of_interest', 'store', 'establishment']",2902.0,"2nd Lehigh Ave, Philadelphia",
OPERATIONAL,"{'location': {'lat': 39.998747, 'lng': -75.12895999999999}, 'viewport': {'northeast': {'lat': 39.9999777302915, 'lng': -75.12764291970849}, 'southwest': {'lat': 39.99727976970851, 'lng': -75.1303408802915}}}",https://maps.gstatic.com/mapfiles/place_api/icons/v1/png_71/restaurant-71.png,#FF9E67,https://maps.gstatic.com/mapfiles/place_api/icons/v2/restaurant_pinlet,New Quality Restaurant,{'open_now': False},"[{'height': 810, 'html_attributions': ['<a href=""https://maps.google.com/maps/contrib/109380187633478711148"">New Quality Restaurant</a>'], 'photo_reference': 'AW30NDzNT65mAIdCR-9kge8_7HyCkUD6XlnEfzVMQRFvyR3PialJGub7H2UG3L-qJ_J-4dAN8QZ_cBku34G5LlYRMAmkcq_J2GPsRo_EUpSK1OTMBAnWwpAvwBooJFNRPyUbywghXG2Ydqb1O0Ixv2OaxJkUFkFle0n7dQTOtTUNVctoovRR', 'width': 1440}]",ChIJ15HCZ963xokRZIvnohdNg0w,"{'compound_code': 'XVXC+FC Philadelphia, PA, USA', 'global_code': '87F6XVXC+FC'}",1.0,4.5,ChIJ15HCZ963xokRZIvnohdNg0w,GOOGLE,"['meal_delivery', 'restaurant', 'food', 'point_of_interest', 'establishment']",339.0,"105 East Allegheny Avenue, Philadelphia",
OPERATIONAL,"{'location': {'lat': 40.01065200000001, 'lng': -75.151467}, 'viewport': {'northeast': {'lat': 40.0120190802915, 'lng': -75.15004811970849}, 'southwest': {'lat': 40.0093211197085, 'lng': -75.1527460802915}}}",https://maps.gstatic.com/mapfiles/place_api/icons/v1/png_71/generic_business-71.png,#7B9EB0,https://maps.gstatic.com/mapfiles/place_api/icons/v2/generic_pinlet,Bravo Pizza,{'open_now': True},"[{'height': 459, 'html_attributions': ['<a href=""https://maps.google.com/maps/contrib/103898182883740907603"">Bravo Pizza</a>'], 'photo_reference': 'AW30NDxhUMoI5qclss95nKerV2UooBsnYKI2CZLSwD3m5O6W867IFX_A7w-U_7g21hXuuKPukpb-bON0ioz_1Qle27YfsfvE3v1u2iPgQra4t9fKSVVfDv6538tA80c2VtpGsIBFi0jxko1nHwcIlrLuGd7UjccSNC1VxrQcbNl0q8UROqSp', 'width': 490}]",ChIJO7lj__a3xokRTpGVp5RzS0o,"{'compound_code': '2R6X+7C Philadelphia, PA, USA', 'global_code': '87G62R6X+7C'}",2.0,3.6,ChIJO7lj__a3xokRTpGVp5RzS0o,GOOGLE,"['meal_takeaway', 'meal_delivery', 'restaurant', 'food', 'point_of_interest', 'establishment']",401.0,"3748 Germantown Avenue, Philadelphia",
OPERATIONAL,"{'location': {'lat': 39.9797391, 'lng': -75.1331613}, 'viewport': {'northeast': {'lat': 39.98108828029149, 'lng': -75.13188631970849}, 'southwest': {'lat': 39.9783903197085, 'lng': -75.1345842802915}}}",https://maps.gstatic.com/mapfiles/place_api/icons/v1/png_71/shopping-71.png,#4B96F3,https://maps.gstatic.com/mapfiles/place_api/icons/v2/convenience_pinlet,Liberty Choice,{'open_now': True},"[{'height': 4048, 'html_attributions': ['<a href=""https://maps.google.com/maps/contrib/108114307597706562624"">Leanne M</a>'], 'photo_reference': 'AW30NDzDB-P5gwLyKXsIzhQLojhBjbednCyZW0hhVAlQ1L4oxp5ouzbkCuUhVrwG_4hnj2AiRp09r7yrKsGCsEueKavhw0g8Vxup5hBLY6Der0W0JDXVKXKaheNWxe1m3QCiOOSWOlCWQ2LaAYOwtYVh-G-zXoKlzHo6s2ZXSZ2b8NgKx4eW', 'width': 3036}]",ChIJzeS8whXIxokR_r7-9PQBhCU,"{'compound_code': 'XVH8+VP Philadelphia, PA, USA', 'global_code': '87F6XVH8+VP'}",,3.8,ChIJzeS8whXIxokR_r7-9PQBhCU,GOOGLE,"['convenience_store', 'restaurant', 'food', 'point_of_interest', 'store', 'establishment']",97.0,"1939 North Front Street, Philadelphia",
OPERATIONAL,"{'location': {'lat': 39.9996891, 'lng': -75.13583129999999}, 'viewport': {'northeast': {'lat': 40.0008942302915, 'lng': -75.1344086197085}, 'southwest': {'lat': 39.9981962697085, 'lng': -75.1371065802915}}}",https://maps.gstatic.com/mapfiles/place_api/icons/v1/png_71/restaurant-71.png,#FF9E67,https://maps.gstatic.com/mapfiles/place_api/icons/v2/restaurant_pinlet,Bob's Crab House,{'open_now': True},"[{'height': 1932, 'html_attributions': ['<a href=""https://maps.google.com/maps/contrib/101742678657021971309"">eric ortiz</a>'], 'photo_reference': 'AW30NDzNQHGeUJKg3leWryIfRKpxo3DcdzpV8JZ2Z5MdJ_jDA_D1MXwrnczGwGCpxQLYPhgveZ4rV2rdWpEeTkblvViHGz3GI6dAyjkVuf7sFtLB2IBsxIyTNA_Z5vDbeoksK28fqKmg3uVuZrmcLaPwy4It6ev61Z9jWIrkR6ImrqoeZRNV', 'width': 2576}]",ChIJP5BKauG3xokR3nyFDPx_UOg,"{'compound_code': 'XVX7+VM Philadelphia, PA, USA', 'global_code': '87F6XVX7+VM'}",2.0,4.2,ChIJP5BKauG3xokR3nyFDPx_UOg,GOOGLE,"['restaurant', 'food', 'point_of_interest', 'establishment']",887.0,"301 West Allegheny Avenue, Philadelphia",
OPERATIONAL,"{'location': {'lat': 39.98912050000001, 'lng': -75.1559297}, 'viewport': {'northeast': {'lat': 39.9905935802915, 'lng': -75.15447496970849}, 'southwest': {'lat': 39.9878956197085, 'lng': -75.15717293029151}}}",https://maps.gstatic.com/mapfiles/place_api/icons/v1/png_71/cafe-71.png,#FF9E67,https://maps.gstatic.com/mapfiles/place_api/icons/v2/cafe_pinlet,Dunkin',{'open_now': True},"[{'height': 3024, 'html_attributions': ['<a href=""https://maps.google.com/maps/contrib/101530870093424449024"">James Jr</a>'], 'photo_reference': 'AW30NDycp-id6-ywUQJXqeXrOp0CDB8HTC5XykbKvRRi_07KcSy3oMxuGFHS4aCqoXEL1hsGKRJqwUqhMe-rUbu8YFIgNhodewV5qqOvM5Ksok-eqrhf8RRmFld4sXR4B7DAXhqm2hLzdu0m4aLo9XbYjxlEYO3fNYdNIaB2m0nQj2NueTOH', 'width': 4032}]",ChIJaUB6R_3HxokRUiB-BbT35vQ,"{'compound_code': 'XRQV+JJ Philadelphia, PA, USA', 'global_code': '87F6XRQV+JJ'}",1.0,4.0,ChIJaUB6R_3HxokRUiB-BbT35vQ,GOOGLE,"['meal_takeaway', 'cafe', 'bakery', 'restaurant', 'food', 'point_of_interest', 'store', 'establishment']",739.0,"2344 North Broad Street, Philadelphia",
OPERATIONAL,"{'location': {'lat': 40.0175089, 'lng': -75.14056719999999}, 'viewport': {'northeast': {'lat': 40.0187901302915, 'lng': -75.13919956970848}, 'southwest': {'lat': 40.0160921697085, 'lng': -75.14189753029149}}}",https://maps.gstatic.com/mapfiles/place_api/icons/v1/png_71/restaurant-71.png,#FF9E67,https://maps.gstatic.com/mapfiles/place_api/icons/v2/restaurant_pinlet,El Greco Pizza,{'open_now': False},"[{'height': 3072, 'html_attributions': ['<a href=""https://maps.google.com/maps/contrib/103777408635169343031"">Joseph T</a>'], 'photo_reference': 'AW30NDwMu8WdFubXbh3jmXTayUWlzUcxespeZ8HU7chsZ3RtPGF343YBd0J6k-oAQQhaw38dUieKnAv3t2JYCm3l9ASw4haxu67XDU1S67bs1iVkarukoLTdrnZ17v5Cku1SdVA2RvpWS1w5r5Fj0Jb0OWzrCEr3iiieq6dUxNEar95kDign', 'width': 4080}]",ChIJ5w-i3JK3xokRjul0MKYXM1s,"{'compound_code': '2V95+2Q Philadelphia, PA, USA', 'global_code': '87G62V95+2Q'}",1.0,4.3,ChIJ5w-i3JK3xokRjul0MKYXM1s,GOOGLE,"['meal_takeaway', 'meal_delivery', 'restaurant', 'food', 'point_of_interest', 'establishment']",400.0,"4301 North 9th Street, Philadelphia",
OPERATIONAL,"{'location': {'lat': 40.0204664, 'lng': -75.1337661}, 'viewport': {'northeast': {'lat': 40.0217591802915, 'lng': -75.1324848197085}, 'southwest': {'lat': 40.0190612197085, 'lng': -75.1351827802915}}}",https://maps.gstatic.com/mapfiles/place_api/icons/v1/png_71/restaurant-71.png,#FF9E67,https://maps.gstatic.com/mapfiles/place_api/icons/v2/restaurant_pinlet,King's Express,{'open_now': True},"[{'height': 1080, 'html_attributions': ['<a href=""https://maps.google.com/maps/contrib/113138348872892456754"">Oni Galarza (Onikazejin)</a>'], 'photo_reference': 'AW30NDy3yH3pGjlNv4EGvTjbsEFtXkXXW17y-jQCvUOKqTsyc-M3GTrhT2J0ctJSxpHQOxuthc_4XAqw8ImbBw-z06tOSmLub-3nJYqx-imIYLNoe26mIq3w2hgJMfT_h3scT-GpWrkpaUXkmFpQ7pOX03sbzTEHasDA-baHvexX7Q-fcv4t', 'width': 1920}]",ChIJJ8yX1JW3xokRFZ5TR2fmC-o,"{'compound_code': '2VC8+5F Philadelphia, PA, USA', 'global_code': '87G62VC8+5F'}",1.0,4.1,ChIJJ8yX1JW3xokRFZ5TR2fmC-o,GOOGLE,"['restaurant', 'food', 'point_of_interest', 'establishment']",48.0,"4529 North 5th Street, Philadelphia",
OPERATIONAL,"{'location': {'lat': 39.9997722, 'lng': -75.1537278}, 'viewport': {'northeast': {'lat': 40.00104923029149, 'lng': -75.1523318197085}, 'southwest': {'lat': 39.9983512697085, 'lng': -75.1550297802915}}}",https://maps.gstatic.com/mapfiles/place_api/icons/v1/png_71/restaurant-71.png,#FF9E67,https://maps.gstatic.com/mapfiles/place_api/icons/v2/restaurant_pinlet,KFC,{'open_now': True},"[{'height': 4032, 'html_attributions': ['<a href=""https://maps.google.com/maps/contrib/100042247834668183170"">Matthew Cloues</a>'], 'photo_reference': 'AW30NDw_g0TaYqXnt5oTud9EaB38TMYcEER8AVgMtL0nGk3JJXBE_Vkm7nh25qcajessbOrgD-FZpXGQRtV_ENWWBzGYG0OVkf9uDD9j_8wy6AZPxATzIN_fCXxXkryZijpaErN9DtF_1hlq2oDi-Tq81sHvdhlAQcoCPKKwcOXCCd7HdxnT', 'width': 3024}]",ChIJrYnskf-3xokRQFVEdEXZxlw,"{'compound_code': 'XRXW+WG Philadelphia, PA, USA', 'global_code': '87F6XRXW+WG'}",1.0,3.1,ChIJrYnskf-3xokRQFVEdEXZxlw,GOOGLE,"['restaurant', 'food', 'point_of_interest', 'establishment']",680.0,"3032 North Broad Street, Philadelphia",
OPERATIONAL,"{'location': {'lat': 40.02057599999999, 'lng': -75.1337984}, 'viewport': {'northeast': {'lat': 40.0219372802915, 'lng': -75.1325365197085}, 'southwest': {'lat': 40.0192393197085, 'lng': -75.13523448029152}}}",https://maps.gstatic.com/mapfiles/place_api/icons/v1/png_71/bar-71.png,#FF9E67,https://maps.gstatic.com/mapfiles/place_api/icons/v2/bar_pinlet,Tierra Nightclub,{'open_now': False},"[{'height': 900, 'html_attributions': ['<a href=""https://maps.google.com/maps/contrib/118280716632085840769"">Tierra Nightclub</a>'], 'photo_reference': 'AW30NDxNPvf5PU0HmuV3H2Vv5aeLylYJdnWRSIoNW5YfPoN5B9d3iknxNqo0gYI6YteA4UZZBWk86_43C5Rz_IEN_fJlBmAWnNrfJbo5Z3aY1jVM6W_r4deNhLv7LkuWzJStYKBdcqPKveo3FbUH2K1exuJNkCO5ILKxVVcofFlMqdkiHmsU', 'width': 1600}]",ChIJs9vr1ZW3xokRcy-NCjG9OT8,"{'compound_code': '2VC8+6F Philadelphia, PA, USA', 'global_code': '87G62VC8+6F'}",,4.3,ChIJs9vr1ZW3xokRcy-NCjG9OT8,GOOGLE,"['night_club', 'bar', 'restaurant', 'food', 'point_of_interest', 'establishment']",30.0,"4535 North 5th Street, Philadelphia",
